publishedAt,title
2024-11-21 23:15:25+00:00,"Dow Jones Futures: Bulls Run Past Google; 7 Stocks In Buy Zones, MicroStrategy Dives Dow Jones futures fell slightly after hours, along with S&amp;P 500 futures and Nasdaq futures.
The stock market rally had a strong session Thursday. Nvidia (NVDA) ultimately edged higher after init Nvidia ultimately rose. The key indexes are nearing post-election peaks."
2024-11-22 14:13:07+00:00,"He spent years predicting Apple would launch a TV. The 'painful lesson' he learned when it didn't still applies today. Gene Munster was one of the loudest voices predicting an Apple television 10 years ago. Now that the company is reportedly eyeing the project again, he said he's learned his lesson about doubling dow Apple's reported reconsideration of making a TV and smart home devices represents a lesson for expert Gene Munster on the uncertainty of its launches."
2024-11-24 13:22:44+00:00,Is Apple Inc. (AAPL) Still a Key Fixture in Warren Buffett’s Portfolio?  
2024-11-25 13:30:08+00:00,"Dow Jones Futures Rallies 300 Points As Tesla Nears New High; Bitcoin Stock MicroStrategy Jumps The Dow Jones Industrial Average and other major stock indexes traded higher Monday, as Tesla (TSLA) rallied near a new high. Another gainer was bitcoin stock MicroStrategy (MSTR), which continued to Key earnings reports this week include Burlington Stores and CrowdStrike."
2024-11-25 18:09:16+00:00,"Cracks Emerge In Nvidia's AI Armor. What's An Investor To Do? Nvidia (NVDA) has long symbolized the artificial intelligence revolution. And after a string of record highs and yet another earnings beat, Nvidia stock holds its spot on the IBD Leaderboard list of  As Nvidia runs into pressure, how should investors handle the AI powerhouse?"
2024-11-26 00:17:21+00:00,"Dow Jones Futures Fall: Nvidia Stock Tumbles To Key Level; Fed Inflation Data Looms Dow Jones futures, along with S&amp;P 500 futures and Nasdaq 100 futures, were lower ahead of Tuesday's stock market open, as Nvidia (NVDA) sold off for a second straight session, while the Federal R Tesla reversed lower after hitting a new high, while Apple is nearing a buy point."
2024-11-27 03:52:44+00:00,"Dow Jones Futures: S&P 500 Hits Highs As Bitcoin Skids; CrowdStrike Leads Movers Late Dow Jones futures were little changed overnight, along with S&amp;P 500 futures and Nasdaq futures. CrowdStrike (CRWD) headlined a busy Tuesday night earnings lineup.
The stock market rally saw mode Amazon and megacaps helped the major indexes offset weak breadth."
2024-11-27 13:00:40+00:00,"This Warren Buffett-Owned ETF Threatens SPY's Dominance SPDR S&amp;P 500 ETF Trust the very first ETF, which is still best known by its symbol SPY is on track to lose its position as the world's largest ETF.
XNOW PLAYINGWhat Is An ETF And How Do They Wor SPDR S&P 500 ETF Trust — the very first ETF still best known by its symbol SPY — is on track to lose its position as the world's largest ETF."
2024-11-27 17:21:15+00:00,"How To Earn $500 A Month From Apple Stock How To Earn $500 A Month From Apple Stock
Benzinga and Yahoo Finance LLC may earn commission or revenue on some items through the links below.
Apple Inc. (NASDAQ:AAPL) shares closed slightly higher Apple Inc. (NASDAQ:AAPL) shares closed slightly higher on Tuesday. Apple is reportedly changing its approach to software updates. The tech giant appears to..."
2024-11-27 21:09:19+00:00,"Dow Jones Slides, Nvidia Falters As Trump Rally Sputters; Warren Buffett's Berkshire Hits All-Time High (Live Coverage) The Dow Jones Industrial Average and other major indexes reversed lower Wednesday as the postelection Trump rally sputtered ahead of the Thanksgiving holiday. Indexes fell in the stock market today a The Dow Jones and other indexes were down Wednesday after October's inflation data. Nvidia broke a key level on the stock market today."
2024-11-29 15:35:16+00:00,"Microsoft FTC probe 'not a complete shocker,' analyst says Microsoft stock (MSFT) lagged its Big Tech peers on Friday after news broke late Wednesday that the Federal Trade Commission has opened a broad antitrust probe into the tech giant.
After falling as  Microsoft stock was lagging behind its tech peers on Friday as investors reacted to news the company is facing a broad inquiry from the FTC."
2024-12-02 13:37:00+00:00,"Jeff Bezos is betting millions on a Nvidia rival Yahoo is using AI to generate takeaways from this article. This means the info may not always match what's in the article. Reporting mistakes helps us improve the experience.Generate Key Takeaways
B Billionaire Jeff Bezos is throwing his weight behind a computing company that’s coming for Nvidia’s (NVDA) dominance of the artificial intelligence chip..."
2024-12-02 21:30:27+00:00,"Apple Is IBD Stock Of The Day As Wall Street Eyes iPhone 16 Demand, AI Software Upgrade Apple (AAPL) is the IBD Stock Of The Day as Wall Street focuses on iPhone 16 demand amid the holiday shopping season. In a positive for Apple stock, promotions among wireless firms heated up on Black Apple is the IBD Stock Of The Day as Wall Street focuses on iPhone 16 demand amid the holiday shopping season and iOS 18 release with AI features."
2024-12-03 15:03:14+00:00,"Dow Jones Falls After Jobs Data; Tesla Slides On Elon Musk Pay Package Rejection The Dow Jones Industrial Average and other major indexes Tuesday traded mixed as Wall Street reacted to the morning's employment data. Tesla (TSLA) was an early loser after a Delaware judge rejected  Key earnings movers include Credo and Zscaler, while Tesla skidded."
2024-12-03 15:33:33+00:00,"Dow Jones Falls But Nvidia Nears Buy Point; Tesla Drops, While This AI Stock Soars After Earnings (Live Coverage) The Dow Jones Industrial Average fell in early trades Tuesday while other major indexes were little changed. Apple (AAPL), Meta Platforms (META) and Nvidia (NVDA) hovered near buy points, but Tesla ( Dow Jones stocks fell in early trades Tuesday but the S&P 500 and the Nasdaq were unchanged in the stock market today. Nvidia rose."
2024-12-03 18:36:15+00:00,"Warren Buffett Stocks: What's Inside Berkshire Hathaway's Portfolio? You need to keep up on Warren Buffett stocks, because while the Berkshire Hathaway (BRKB) chief sticks to a winning investing formula, that doesn't mean sitting still.
XNOW PLAYINGWarren Buffett Vs. The Berkshire Hathaway chief sticks to a winning formula, but he does not sit still."
2024-12-03 18:50:40+00:00,Apple (AAPL)’s AI Ambitions: Loop’s ‘Buy’ Rating and the Future of Apple Intelligence  
2024-12-04 10:26:30+00:00,"Apple Eyes $1 Billion Investment to Lift Indonesia's iPhone 16 Ban The Indonesian government expects Apple (AAPL, Financial) to invest $1 billion in the country to solve the existing ban on the iPhone 16. The ban was made following its failure to conform to a rule t Indonesia Demands $1 Billion from Apple to Resume iPhone 16 Sales"
2024-12-04 13:58:40+00:00,"Dow Jones Futures Rise 200 Points After Surprise Jobs Report, Powell Speech Next; Salesforce Soars On Earnings The Dow Jones Industrial Average and other major indexes traded higher in premarket action Wednesday, after ADP's employment report for November and ahead of a talk from Federal Reserve Chairman Jero Key earnings movers include Salesforce, Marvell and Okta."
2024-12-04 21:05:45+00:00,"Stock market today: Nasdaq, Dow, S&P 500 hit records as tech surges, Fed's Powell says economy in 'remarkably good shape' A tech rally boosted US stocks on Wednesday, with all three major indexes hitting new record closes, as investors digested Federal Reserve Chair Jerome Powell's comments that US economy is in ""remark Fed Chair Jerome Powell's speech looms large as investors calculate the odds of a December rate cut."
2024-12-05 09:05:21+00:00,"TSMC in talks with Nvidia for AI chip production in Arizona, sources say​ TAIPEI/SINGAPORE (Reuters) - Taiwan Semiconductor Manufacturing Co (TSM, 2330.TW) is in discussions with Nvidia Corp (NVDA) to produce its Blackwell artificial intelligence chips at the contract manu Taiwan Semiconductor Manufacturing Co is in discussions with Nvidia Corp to produce its Blackwell artificial intelligence chips at the contract..."
2024-12-05 14:15:49+00:00,"Is Amazon Stock A Buy? Shares Hit All-Time High On AI Push, Record Cyber Monday Amazon (AMZN) stock is at record highs after the tech giant gave detailed look at the AI push from its cloud business and announced a record start to online shopping. Amazon stock is ahead more than  Amazon stock hit a new all-time high following its re:Invent cloud conference and a record Cyber Monday and Black Friday."
2024-12-05 14:16:22+00:00,"Dow Jones Futures Fall After Jobless Claims; Nvidia Tries To Extend Win Streak The Dow Jones Industrial Average and other major indexes traded mixed Thursday, as investors reacted to a U.S. Labor Department unemployment report. One stock on the negative side was Nvidia (NVDA),  Key earnings movers include Five Below and SentinelOne."
2024-12-06 01:32:28+00:00,"Apple Inc. (AAPL) Leverages AWS AI Chips for Apple Intelligence Pretraining, Highlights Collaboration at AWS re:Invent We recently compiled a list of the 10 AI News Investors Should Not Miss. In this article, we are going to take a look at where Apple Inc. (NASDAQ:AAPL) stands against the other AI stocks investors sh We recently compiled a list of the 10 AI News Investors Should Not Miss. In this article, we are going to take a look at where Apple Inc. (NASDAQ:AAPL..."
2024-12-06 12:00:52+00:00,"Best Mutual Fund Races To Top With Some Offbeat Stock Picks Research is the X factor that powers Janus Henderson Global Research Fund (JANWX) to benchmark-beating returns and into a best mutual fund.
XNOW PLAYINGIBD's Best Mutual Funds Of 2024Sure, co-manage Research is the X factor that powers Janus Henderson Global Research Fund to benchmark-beating returns and into a best mutual fund."
2024-12-06 14:31:07+00:00,"Stock market today: Nasdaq, S&P 500 pop to strong weekly gains after jobs report boosts Fed rate cut odds US stocks mostly rose on Friday as investors digested the last monthly jobs report of the year, a crucial test of the prospects for interest rate cuts in December and beyond.
The Dow Jones Industria The last nonfarm payrolls report of 2025 gives a gut check on the labor market and economy ahead of the Fed's December policy decision."
2024-12-06 17:22:14+00:00,"8 Stocks Drive 50% Of The Year's $11.8 Trillion Stock Gain You already know about the Magnificent Seven stocks driving the S&amp;P 500. But what about the Elite Eight?
Eight stocks in the S&amp;P 500 including of course Nvidia (NVDA) and Amazon.com (AMZN) b You already know about the Magnificent Seven stocks driving the S&P 500. But what about the elite eight doing most of the work?"
2024-12-06 21:55:39+00:00,"Walmart Stock, Costco Roar As They Create Amazon-Like Businesses Even as artificial intelligence and data center computing drive a historic stock market rally, the top U.S. grocer Walmart (WMT) and club membership retailer Costco (COST) have outrun many of the top The traditional retailers have outrun many Big Tech stocks amid e-commerce shift in a complex consumer environment."
2024-12-07 00:10:38+00:00,"Dow Jones Futures: Nasdaq Runs Toward 20,000 But These Risks Are Mounting Dow Jones futures will open Sunday evening, along with S&amp;P 500 futures and Nasdaq futures.
The stock market rally had a mixed week, but all the major indexes hit fresh highs at one point amid ge The index is starting to look stretched. Four tech titans are flashing buy signals."
2024-12-07 06:07:28+00:00,Why Is Apple Inc. (AAPL) Among the Best Tech Stocks for Long Term Investment?  
2024-12-07 13:41:33+00:00,"Dow Jones Stocks: Apple Above Buy Point, Nvidia Reverses Lower With the Dow Jones Industrial Average looking to end the year with solid gains, the best Dow Jones stocks to watch in December 2024 are Apple (AAPL), Nvidia (NVDA), Salesforce (CRM), Sherwin-Williams Apple and Nvidia are among the best Dow Jones stocks in December 2024."
2024-12-07 18:27:35+00:00,Is Apple Inc. (AAPL) Dominating A Billionaire Quant’s Investment Strategy Right Now?  
2024-12-08 13:30:19+00:00,"Why Apple has little to do with these 2 rocking telecom stocks This is The Takeaway from today's Morning Brief, which you can sign up to receive in your inbox every morning along with:
<ul><li>The chart of the day
</li><li>What we're watching
</li><li>What we Go figure, two of America's largest telecom stocks have been rocking."
2024-12-08 16:08:11+00:00,"Apple Inc. (AAPL) to Launch In-House Modem and AI-Powered iPhone SE in 2024, Reducing Reliance on Qualcomm We recently compiled a list of the 10 AI News Taking Wall Street by Storm. In this article, we are going to take a look at where Apple Inc. (NASDAQ:AAPL) stands against the other AI stocks that are t We recently compiled a list of the 10 AI News Taking Wall Street by Storm. In this article, we are going to take a look at where Apple Inc. (NASDAQ:AAPL..."
2024-12-09 12:37:38+00:00,"Dow Jones Futures: Techs Fall As China Probes Nvidia; Beware These Risks Dow Jones futures were flat Monday morning, while S&amp;P 500 futures and Nasdaq futures fell slightly.
The stock market rally had a mixed week, but all the major indexes hit fresh highs at one poin The Nasdaq is getting stretched. Nvidia fell on a China monopoly probe."
2024-12-09 13:09:16+00:00,"Apple Inc. (AAPL) Faces Setbacks in China as AI Integration Struggles with Baidu, Impacting iPhone 16 Sales  "
2024-12-10 03:13:52+00:00,"Apple Inc. (AAPL) Delays Smart Display HomePod Launch to 2025, Set to Feature Apple Intelligence Integration  "
2024-12-10 12:00:03+00:00,"How to play the Mag 7 stocks in 2025: Portfolio manager The ""Magnificent Seven"" made up of Nvidia (NVDA), Alphabet (GOOG, GOOGL), Tesla (TSLA), Microsoft (MSFT), Amazon (AMZN), Meta Platforms (META), and Apple (AAPL) drove major indexes (^DJI, ^IXIC, ^GSP The ""Magnificent Seven"" — made up of Nvidia (NVDA), Alphabet (GOOG, GOOGL), Tesla (TSLA), Microsoft (MSFT), Amazon (AMZN), Meta Platforms (META), and Apple (..."
2024-12-10 15:59:22+00:00,"Nvidia Rebounds From Key Level After China Probe Scare, Buy Point Still In Play; Is Nvidia A Buy Now? Nvidia (NVDA) rattled investors Monday after news of an antimonopoly probe by Chinese regulators. But the stock found support at the 50 day moving average and is rebounding on Tuesday. That means tha Nvidia stock rebounded from the 50-day moving average after falling over 2% amid news of a China probe on Monday."
2024-12-10 21:10:43+00:00,"Amazon Stock Gets Price Target Hike On Generative AI Momentum Amazon (AMZN) stock pushed higher Tuesday before fading in afternoon trading. The tech giant is looking to build off a rally that started with its AI-focused cloud conference last week, with analysts An Amazon stock analyst upped his target for AMZN shares following the company's generative-AI-focused cloud conference."
2024-12-10 21:18:29+00:00,Dow Jones Falls As Nvidia Breaks Key Level On Taiwan Semi Report (Live Coverage) The Dow Jones Industrial Average and other major indexes fell to close Tuesday's trading session. Nvidia (NVDA) fell after investors were disappointed by a sales report from chip supplier Taiwan Semi Dow Jones fell in the stock market today. Nvidia rose from a key level of support. Tesla got a boost from an analyst upgrade.
2024-12-11 05:29:07+00:00,"DBS Analyst Downgrades Apple Inc. (AAPL) to ‘Hold’ with $243 Price Target, Citing Valuation and Short-Term Challenges  "
2024-12-11 05:29:07+00:00,"DBS Analyst Downgrades Apple Inc. (AAPL) to ‘Hold’ with $243 Price Target, Citing Valuation and Short-Term Challenges  We recently compiled a list of the 10 AI Stocks Taking Wall Street by Storm. In this article, we are going to take a look at where Apple Inc. (NASDAQ:AAPL) stands against the other AI stocks. Wall Street’s major indexes closed lower on Monday, December 9th, d…"
2024-12-11 15:55:57+00:00,"Why Is Apple Inc. (AAPL) Among Halvorsen’s Top Stock Picks Right Now? Ole Andreas Halvorsen is the founder and CEO of Viking Global, a hedge fund firm. He is known for his balanced approach to investing, combining strategic risk with disciplined analysis, and his philo We recently compiled a list of Norwegian Billionaire Halvorsen’s Top 10 Stock Picks. In this article, we are going to take a look at where Apple Inc..."
2024-12-11 15:59:26+00:00,"Apple adds ChatGPT to iPhones with latest Apple Intelligence update Apple has released its latest Apple Intelligence update, which brings ChatGPT to iPhones, iPads, and Macs, along with new features like visual intelligence, Image Playground, and Genmoji. The update  Apple released the second major update for its Apple Intelligence platform on Wednesday."
2024-12-11 16:34:59+00:00,Will Apple Intelligence Kickstart A New Era Of Growth For Apple (AAPL)?  
2024-12-11 17:32:06+00:00,"Stock market today: Nasdaq tops 20,000 for first time as Big Tech surge leads stocks higher US stocks rallied on Wednesday, led by Big Tech, as investors digested another month of sticky inflation data that met economists' expectations and likely pointed to a Federal Reserve interest rate c The CPI report sets the stage for the Federal Reserve's final interest rate decision of the year."
2024-12-11 18:53:53+00:00,"Big Tech hopes Trump's new FTC boss will be friendlier. Not everyone is so sure. Donald Trumps pick to run the Federal Trade Commission set off a fresh round of questions about what it could mean for the antitrust crackdown on Big Tech.
The short answer: It may be complicated.
 Donald Trump’s pick to run the Federal Trade Commission set off a fresh round of questions about what it could mean for the antitrust crackdown on Big Tech."
2024-12-11 18:56:49+00:00,Jim Cramer Says ‘Just Own’ Apple (AAPL) Stock Amid Elongated iPhone Upgrade Cycle  
2024-12-12 11:00:53+00:00,"What Cruise's self-driving end means for Tesla and Waymo: Morning Brief This is The Takeaway from today's Morning Brief, which you can sign up to receive in your inbox every morning along with:
<ul><li>The chart of the day
</li><li>What we're watching
</li><li>What we Cruise's demise pokes another hole in the commercial fantasy of a robotaxi fleet."
2024-12-12 11:48:06+00:00,"Dow Jones Futures Fall After Tesla, Titans Push Nasdaq Above 20,000; What To Do Now Dow Jones futures fell slightly early Thursday, along with S&amp;P 500 futures and Nasdaq futures.
The stock market rally marched higher Wednesday, with the Nasdaq clearing the 20,000 level for the  Keep an eye on the Nasdaq and sentiment. Adobe tumbled late on guidance."
2024-12-12 16:29:04+00:00,"Three Signs This Growth Stock Is Set To Extend 115% Run After Trouncing Apple, S&P 500 On Holding (ONON) has more than doubled this year, outperforming megacaps like Apple (AAPL) or even larger indexes like the S&amp;P 500, both of which gained about 28% this year. On Holding is Thursd On Holding has formed a three-weeks-tight pattern after rallying on earnings. Shares look set to extend a 115% gain."
2024-12-13 13:06:12+00:00,"United Airlines integrates Apple’s new share item location feature for AirTag https://www.tipranks.com/news/the-fly/united-airlines-integrates-apples-new-share-item-location-feature-for-airtag
United (UAL) announces the integration of Apples (AAPL) new Share Item Location fea United (UAL) announces the integration of Apple’s (AAPL) new Share Item Location feature for AirTag into its mobile app, a move that’s expected to drive a..."
2024-12-13 13:57:17+00:00,"Boeing's 737 Max reboot, JetBlue's first class, and a fancy new Delta lounge: Airlines news roundup Boeing is restarting 737 Max production. An airline industry group says more than 5 billion people will take to the skies next year. Delta is unveiling a super fancy new lounge at Boston Logan Intern Boeing is restarting 737 Max production. An airline industry group says more than 5 billion people will take to the skies next year. Delta is unveiling a..."
2024-12-16 06:14:42+00:00,"AAPL, NVDA, or BABA: Which Tech Giant Could Offer the Highest Upside? The buzz around generative artificial intelligence (AI) and expectations of falling interest rates are driving several technology stocks higher. While there are concerns about stretched valuations, W The buzz around generative artificial intelligence (AI) and expectations of falling interest rates are driving several technology stocks higher. While there ..."
2024-12-16 07:43:04+00:00,"Apple Plans Slimmer iPhone as AI Integration Drives Growth Apple (AAPL, Financials) is reportedly preparing to release its thinnest iPhone yet, aiming to introduce the new modelunofficially dubbed the ""iPhone 17 Air""by 2025, multiple media outlets reported. The stock closed at $248.13 on Friday, finishing close to its 52-week high $250.80"
2024-12-16 13:00:03+00:00,"The AI Race Is On. Do Ambitious Startups Like OpenAI Stand A Chance Against Big Tech? Two years after OpenAI introduced ChatGPT, the frenzy over artificial intelligence has morphed into a fierce competition between tech industry giants and upstarts.
AI stocks led by Nvidia (NVDA), Mi Will AI model builders OpenAI and Anthropic ever rank among the best AI stocks? Going public may be a challenge as they battle tech incumbents like Google and Meta."
2024-12-16 13:00:15+00:00,"10 Companies Buy Back Their Own Stock Like It's Going Out Of Style Some investors worry the S&amp;P 500 is overvalued. But apparently some companies see their own stock as a screaming buy.
XNOW PLAYINGBeating The Market: How To Find Outperforming StocksTen S&amp;P  Some investors worry the S&P 500 is overvalued. But apparently some companies see their own stock as a screaming buy."
2024-12-17 01:59:18+00:00,"Dow Jones Futures: Nvidia Triggers Sell Signal As Fed Meeting Looms Dow Jones futures, along with S&amp;P 500 futures and Nasdaq 100 futures, were slightly lower ahead of Tuesday's stock market open.
XNOW PLAYINGNasdaq Takes 20,000 On Poor Breadth; Amphenol, Dutch B Alphabet, Amazon, Apple and Tesla all set record highs Monday."
2024-12-17 17:36:38+00:00,"Morgan Stanley Forecasts Stronger Enterprise Hardware Growth for 2025 As purchasing patterns strengthen across both business and consumer sectors, Morgan Stanley projected higher corporate IT hardware growth in 2025 and advised investors to keep their holdings in key n Morgan Stanley expects enterprise hardware growth of around 3% in 2025."
2024-12-17 20:41:47+00:00,"Why the 'Magnificent 7' rally could be a ‘defensive’ move Decembers market action has been all about a rally from several members of the ""Magnificent Seven"" tech stocks.
Tesla (TSLA), Alphabet (GOOGL, GOOG), Amazon (AMZN), and Apple (AAPL) all hit fresh re Wall Street strategists believe investors are seeking safety in the market's most consistent performers as nervousness grows about the path forward for..."
2024-12-17 23:08:23+00:00,"Why the Dow is suddenly in a historic funk The Dow Jones Industrial Average (^DJI) is on its worst losing streak in nearly 50 years.
The major index has fallen for nine straight trading days, its largest stretch of consecutive declines since The Dow Jones Industrial Average has fallen for nine straight trading sessions, marking its worst losing streak since 1978."
2024-12-18 07:21:27+00:00,"AI Breakthroughs by Apple Inc. (AAPL): What’s Next for Apple’s AI Innovations? We recently published a list of Top 10 AI News You Shouldnt Miss. In this article, we are going to take a look at where Apple Inc. (NASDAQ:AAPL) stands against other top AI news you shouldnt miss.
T We recently published a list of Top 10 AI News You Shouldn’t Miss. In this article, we are going to take a look at where Apple Inc. (NASDAQ:AAPL) stands..."
2024-12-18 11:00:40+00:00,"Big Tech is dominating the market once again — and that's probably just fine: Morning Brief This is The Takeaway from today's Morning Brief, which you can sign up to receive in your inbox every morning along with:
<ul><li>The chart of the day
</li><li>What we're watching
</li><li>What we December is shaping up to be a tale of two markets."
2024-12-18 13:01:06+00:00,"Best and Worst Holiday Stocks for Options Traders Its the holiday season! We have two consecutive short trading weeks on the way, with Christmas and New Years around the corner. I'm examining the historical data on how stocks tend to perform these w The week of Christmas is typically bullish for stocks"
2024-12-18 21:05:16+00:00,"Warren Buffett Defense Pick Finds Key Support After Earnings Skid Warren Buffett's favorite defense stock Heico (HEI) edged past earnings views for its fiscal fourth quarter late Tuesday but missed on sales. On Wednesday, Heico stock received key support after skid The Heico earnings report showed decelerating top-line growth that just missed views."
2024-12-19 13:27:25+00:00,"Dow Jones Futures Rebound Ahead Of GDP, Jobless Claims; AI Chip Giant Micron Plunges The Dow Jones Industrial Average and other major indexes traded higher in premarket action Thursday, as stocks looked to bounce back from Wednesday's sell-off. Markets also digested stronger-than-exp Key earnings movers include Micron, Darden Restaurants and Lennar."
2024-12-19 13:32:17+00:00,"Nvidia stock rebounds after broad market rout as analysts stay bullish on outlook Nvidia (NVDA) stock jumped as much as 2.7% early Thursday, as Wall Street analysts reiterated their Buy ratings on the stock despite concerns about rising competition and the possibility that AI chip Nvidia stock rose as Wall Street analysts reiterated their Buy ratings despite concerns about rising competition and the possibility that AI chip demand..."
2024-12-19 15:36:35+00:00,"Apple finally added ChatGPT to the iPhone. There's no guarantee it’ll boost sales. Apple (AAPL) has released its second set of Apple Intelligence AI features for the iPhone, iPad, and macOS. The latest updates include a raft of long-awaited capabilities, including ChatGPT integrati Apple's latest Apple Intelligence updates include ChatGPT integration and the company's visual intelligence. Here's what it's like to use them."
2024-12-19 17:01:37+00:00,Tencent Stock Gains After Report Of Early AI Talks With Apple. Baidu Stock Falls. Apple (AAPL) is reportedly in talks with Chinese technology firms Tencent (TCEHY) and the privately-held ByteDance about using the companies' AI models for iPhones in China. Tencent stock gained foll Apple is reportedly in talks with Chinese technology firms Tencent and ByteDance about using their AI models. Tencent stock gained.
2024-12-20 15:09:54+00:00,"10 Biggest Losers of Dow's 10-Day Losing Streak The Dow Jones Industrial Average tried to rebound on Thursday and Friday from its 10-day slide. That losing streak, capped by a Federal Reserve-spurred meltdown on Wednesday, was the 30-stock, blue-c Investors shrugged off the meltdown on Thursday. A few Dow laggards rebounded."
2024-12-20 15:58:11+00:00,"Dow Jones Jumps Nearly 400 Points As Government Shutdown Looms; Nvidia Rises While Tesla, Trump Shares Drop (Live Coverage) Volume on the New York Stock Exchange and on the Nasdaq was higher compared with the same time on Thursday. Advancing stocks outnumbered decliners by 4-to-1 on the NYSE and nearly 5-to-2 on the Nasda The Dow Jones rose on the stock market today as a government shutdown looms. Nvidia rose while Tesla fell along with a Trump stock."
