publishedAt,title,trade_day,sentiment_score
2024-11-21 23:15:25+00:00,"Dow Jones Futures: Bulls Run Past Google; 7 Stocks In Buy Zones, MicroStrategy Dives Dow Jones futures fell slightly after hours, along with S&amp;P 500 futures and Nasdaq futures.
The stock market rally had a strong session Thursday. Nvidia (NVDA) ultimately edged higher after init Nvidia ultimately rose. The key indexes are nearing post-election peaks.",2024-11-22,0.5106
2024-11-22 14:13:07+00:00,"He spent years predicting Apple would launch a TV. The 'painful lesson' he learned when it didn't still applies today. Gene Munster was one of the loudest voices predicting an Apple television 10 years ago. Now that the company is reportedly eyeing the project again, he said he's learned his lesson about doubling dow Apple's reported reconsideration of making a TV and smart home devices represents a lesson for expert Gene Munster on the uncertainty of its launches.",2024-11-22,-0.3818
2024-11-24 13:22:44+00:00,Is Apple Inc. (AAPL) Still a Key Fixture in Warren Buffett’s Portfolio?  ,2024-11-25,0.0
2024-11-25 13:30:08+00:00,"Dow Jones Futures Rallies 300 Points As Tesla Nears New High; Bitcoin Stock MicroStrategy Jumps The Dow Jones Industrial Average and other major stock indexes traded higher Monday, as Tesla (TSLA) rallied near a new high. Another gainer was bitcoin stock MicroStrategy (MSTR), which continued to Key earnings reports this week include Burlington Stores and CrowdStrike.",2024-11-25,0.0
2024-11-25 18:09:16+00:00,"Cracks Emerge In Nvidia's AI Armor. What's An Investor To Do? Nvidia (NVDA) has long symbolized the artificial intelligence revolution. And after a string of record highs and yet another earnings beat, Nvidia stock holds its spot on the IBD Leaderboard list of  As Nvidia runs into pressure, how should investors handle the AI powerhouse?",2024-11-26,0.3094
2024-11-26 00:17:21+00:00,"Dow Jones Futures Fall: Nvidia Stock Tumbles To Key Level; Fed Inflation Data Looms Dow Jones futures, along with S&amp;P 500 futures and Nasdaq 100 futures, were lower ahead of Tuesday's stock market open, as Nvidia (NVDA) sold off for a second straight session, while the Federal R Tesla reversed lower after hitting a new high, while Apple is nearing a buy point.",2024-11-26,-0.4767
2024-11-27 03:52:44+00:00,"Dow Jones Futures: S&P 500 Hits Highs As Bitcoin Skids; CrowdStrike Leads Movers Late Dow Jones futures were little changed overnight, along with S&amp;P 500 futures and Nasdaq futures. CrowdStrike (CRWD) headlined a busy Tuesday night earnings lineup.
The stock market rally saw mode Amazon and megacaps helped the major indexes offset weak breadth.",2024-11-27,-0.3535
2024-11-27 13:00:40+00:00,"This Warren Buffett-Owned ETF Threatens SPY's Dominance SPDR S&amp;P 500 ETF Trust the very first ETF, which is still best known by its symbol SPY is on track to lose its position as the world's largest ETF.
XNOW PLAYINGWhat Is An ETF And How Do They Wor SPDR S&P 500 ETF Trust — the very first ETF still best known by its symbol SPY — is on track to lose its position as the world's largest ETF.",2024-11-27,0.8689
2024-11-27 17:21:15+00:00,"How To Earn $500 A Month From Apple Stock How To Earn $500 A Month From Apple Stock
Benzinga and Yahoo Finance LLC may earn commission or revenue on some items through the links below.
Apple Inc. (NASDAQ:AAPL) shares closed slightly higher Apple Inc. (NASDAQ:AAPL) shares closed slightly higher on Tuesday. Apple is reportedly changing its approach to software updates. The tech giant appears to...",2024-11-28,0.5267
2024-11-27 21:09:19+00:00,"Dow Jones Slides, Nvidia Falters As Trump Rally Sputters; Warren Buffett's Berkshire Hits All-Time High (Live Coverage) The Dow Jones Industrial Average and other major indexes reversed lower Wednesday as the postelection Trump rally sputtered ahead of the Thanksgiving holiday. Indexes fell in the stock market today a The Dow Jones and other indexes were down Wednesday after October's inflation data. Nvidia broke a key level on the stock market today.",2024-11-28,-0.3744
2024-11-29 15:35:16+00:00,"Microsoft FTC probe 'not a complete shocker,' analyst says Microsoft stock (MSFT) lagged its Big Tech peers on Friday after news broke late Wednesday that the Federal Trade Commission has opened a broad antitrust probe into the tech giant.
After falling as  Microsoft stock was lagging behind its tech peers on Friday as investors reacted to news the company is facing a broad inquiry from the FTC.",2024-11-29,-0.7396
2024-12-02 13:37:00+00:00,"Jeff Bezos is betting millions on a Nvidia rival Yahoo is using AI to generate takeaways from this article. This means the info may not always match what's in the article. Reporting mistakes helps us improve the experience.Generate Key Takeaways
B Billionaire Jeff Bezos is throwing his weight behind a computing company that’s coming for Nvidia’s (NVDA) dominance of the artificial intelligence chip...",2024-12-02,0.7845
2024-12-02 21:30:27+00:00,"Apple Is IBD Stock Of The Day As Wall Street Eyes iPhone 16 Demand, AI Software Upgrade Apple (AAPL) is the IBD Stock Of The Day as Wall Street focuses on iPhone 16 demand amid the holiday shopping season. In a positive for Apple stock, promotions among wireless firms heated up on Black Apple is the IBD Stock Of The Day as Wall Street focuses on iPhone 16 demand amid the holiday shopping season and iOS 18 release with AI features.",2024-12-03,0.7579
2024-12-02 22:40:00+00:00,"Amazon, Walmart, and Target's top 10 Cyber Monday deals The dust may have settled from Black Friday, but Cyber Monday is still here and retail giants like Amazon, Walmart (WMT), and Target (TGT) are all offering discounts across every category. 
Online s The dust may have settled from Black Friday, but Cyber Monday is still here – and retail giants like Amazon, Walmart (WMT), and Target (TGT) are all offering discounts across every category. Read more...",2024-12-03,0.8847
2024-12-03 14:15:41+00:00,"Is APH Stock A Winner Over Corning? UKRAINE - 2021/10/06: In this photo illustration Amphenol Corporation logo seen displayed on a ... [+] smartphone and in the background. (Photo Illustration by Igor Golovniov/SOPA Images/LightRocket  We believe that Amphenol stock (NYSE: APH), an electrical, electronic, and fiber optic connectors maker, is currently a better pick than its industry peer, Corning sto...",2024-12-03,0.7717
2024-12-03 15:03:14+00:00,"Dow Jones Falls After Jobs Data; Tesla Slides On Elon Musk Pay Package Rejection The Dow Jones Industrial Average and other major indexes Tuesday traded mixed as Wall Street reacted to the morning's employment data. Tesla (TSLA) was an early loser after a Delaware judge rejected  Key earnings movers include Credo and Zscaler, while Tesla skidded.",2024-12-03,-0.891
2024-12-03 15:33:33+00:00,"Dow Jones Falls But Nvidia Nears Buy Point; Tesla Drops, While This AI Stock Soars After Earnings (Live Coverage) The Dow Jones Industrial Average fell in early trades Tuesday while other major indexes were little changed. Apple (AAPL), Meta Platforms (META) and Nvidia (NVDA) hovered near buy points, but Tesla ( Dow Jones stocks fell in early trades Tuesday but the S&P 500 and the Nasdaq were unchanged in the stock market today. Nvidia rose.",2024-12-03,0.0
2024-12-03 16:15:00+00:00,"Cyber Monday beats Black Friday once again In This Story
Cyber Monday has once again claimed the title of the biggest shopping day of the year, reinforcing its dominance over Black Friday and setting a new benchmark for online retail. 
This Cyber Monday has once again claimed the title of the biggest shopping day of the year, reinforcing its dominance over Black Friday and setting a new benchmark for online retail. Read more...",2024-12-04,0.3818
2024-12-03 18:36:15+00:00,"Warren Buffett Stocks: What's Inside Berkshire Hathaway's Portfolio? You need to keep up on Warren Buffett stocks, because while the Berkshire Hathaway (BRKB) chief sticks to a winning investing formula, that doesn't mean sitting still.
XNOW PLAYINGWarren Buffett Vs. The Berkshire Hathaway chief sticks to a winning formula, but he does not sit still.",2024-12-04,0.5267
2024-12-03 18:50:40+00:00,Apple (AAPL)’s AI Ambitions: Loop’s ‘Buy’ Rating and the Future of Apple Intelligence  ,2024-12-04,0.4767
2024-12-04 10:26:30+00:00,"Apple Eyes $1 Billion Investment to Lift Indonesia's iPhone 16 Ban The Indonesian government expects Apple (AAPL, Financial) to invest $1 billion in the country to solve the existing ban on the iPhone 16. The ban was made following its failure to conform to a rule t Indonesia Demands $1 Billion from Apple to Resume iPhone 16 Sales",2024-12-04,-0.9231
2024-12-04 13:00:00+00:00,"How The Upending Era Of Agentic AI Will Create All-Digital Workforces LAS VEGAS, NEVADA - Amazon Web Services (AWS) CEO Matt Garman delivers a keynote during AWS ... [+] re:Invent 2024, hosted by Amazon Web Services, at The Venetian December 3, 2024. (Photo by Noah Ber Agentic AI can deliver unlimited digital labor that will upend industries, societies and GDP. Agentic AI differs from ""AI agents"" because it can do things without humans.",2024-12-04,0.5423
2024-12-04 13:58:40+00:00,"Dow Jones Futures Rise 200 Points After Surprise Jobs Report, Powell Speech Next; Salesforce Soars On Earnings The Dow Jones Industrial Average and other major indexes traded higher in premarket action Wednesday, after ADP's employment report for November and ahead of a talk from Federal Reserve Chairman Jero Key earnings movers include Salesforce, Marvell and Okta.",2024-12-04,0.2732
2024-12-04 14:10:00+00:00,"Apple's ecosystem is a 'prison yard' and 'panopticon' for employees, lawsuit claims In This Story
A current Apple (AAPL0.00%
) employee is suing the company for illegally limiting worker freedoms through its required intellectual property agreement.
The lawsuit, filed Monday in C A current Apple (AAPL) employee is suing the company for illegally limiting worker freedoms through its required intellectual property agreement.Read more...",2024-12-04,0.5994
2024-12-04 18:35:00+00:00,"Donald Trump just picked who will take over Google, Apple, Visa monopoly cases In This Story
President-elect Donald Trump nominated Gail Slater to lead the antitrust division of the Department of Justice.
In an announcement posted on Truth Social Wednesday, Trump said that th President-elect Donald Trump nominated Gail Slater to lead the antitrust division of the Department of Justice.Read more...",2024-12-05,0.6908
2024-12-04 21:05:45+00:00,"Stock market today: Nasdaq, Dow, S&P 500 hit records as tech surges, Fed's Powell says economy in 'remarkably good shape' A tech rally boosted US stocks on Wednesday, with all three major indexes hitting new record closes, as investors digested Federal Reserve Chair Jerome Powell's comments that US economy is in ""remark Fed Chair Jerome Powell's speech looms large as investors calculate the odds of a December rate cut.",2024-12-05,0.4576
2024-12-05 09:05:21+00:00,"TSMC in talks with Nvidia for AI chip production in Arizona, sources say​ TAIPEI/SINGAPORE (Reuters) - Taiwan Semiconductor Manufacturing Co (TSM, 2330.TW) is in discussions with Nvidia Corp (NVDA) to produce its Blackwell artificial intelligence chips at the contract manu Taiwan Semiconductor Manufacturing Co is in discussions with Nvidia Corp to produce its Blackwell artificial intelligence chips at the contract...",2024-12-05,0.7351
2024-12-05 14:15:49+00:00,"Is Amazon Stock A Buy? Shares Hit All-Time High On AI Push, Record Cyber Monday Amazon (AMZN) stock is at record highs after the tech giant gave detailed look at the AI push from its cloud business and announced a record start to online shopping. Amazon stock is ahead more than  Amazon stock hit a new all-time high following its re:Invent cloud conference and a record Cyber Monday and Black Friday.",2024-12-05,0.7414
2024-12-05 14:16:22+00:00,"Dow Jones Futures Fall After Jobless Claims; Nvidia Tries To Extend Win Streak The Dow Jones Industrial Average and other major indexes traded mixed Thursday, as investors reacted to a U.S. Labor Department unemployment report. One stock on the negative side was Nvidia (NVDA),  Key earnings movers include Five Below and SentinelOne.",2024-12-05,-0.2732
2024-12-05 16:09:00+00:00,"Processing JDBC ResultSet with Stream API Java’s Stream API, introduced in Java 8, is an incredibly powerful tool for handling collections of data in a functional style. However, when working with JDBC, which relies on ResultSet to retrieve  Java’s Stream API, introduced in Java 8, is an incredibly powerful tool for handling collections of data in a functional style. However, when working with JDBC, which relies on ResultSet to retrieve database query results, directly integrating the Stream API …",2024-12-06,0.734
2024-12-05 19:27:43+00:00,"5 Top Stocks To Buy In December 2024 getty
Many investors use this time of year to refresh their portfolios. Despite recent market volatility, several established companies present compelling investment opportunities, combining robust  Looking for the latest stock opportunities in December 2024? We have you covered. Click to read our top stock picks to consider adding to your portfolio now.",2024-12-06,0.8779
2024-12-06 01:32:28+00:00,"Apple Inc. (AAPL) Leverages AWS AI Chips for Apple Intelligence Pretraining, Highlights Collaboration at AWS re:Invent We recently compiled a list of the 10 AI News Investors Should Not Miss. In this article, we are going to take a look at where Apple Inc. (NASDAQ:AAPL) stands against the other AI stocks investors sh We recently compiled a list of the 10 AI News Investors Should Not Miss. In this article, we are going to take a look at where Apple Inc. (NASDAQ:AAPL...",2024-12-06,0.6108
2024-12-06 10:00:00+00:00,"McDonald's E. coli closure, Cyber Monday beats Black Friday, and Chipotle raises prices: Retail news roundup McDonalds has officially resolved the E. coli outbreak linked to its restaurants, according to an update from the Centers for Disease Control (CDC) and Prevention. Black Friday officially went digita McDonald’s has officially resolved the E. coli outbreak linked to its restaurants, according to an update from the Centers for Disease Control (CDC) and Prevention. Black Friday officially went digital as shoppers embraced the convenience of online shopping. …",2024-12-06,0.34
2024-12-06 12:00:52+00:00,"Best Mutual Fund Races To Top With Some Offbeat Stock Picks Research is the X factor that powers Janus Henderson Global Research Fund (JANWX) to benchmark-beating returns and into a best mutual fund.
XNOW PLAYINGIBD's Best Mutual Funds Of 2024Sure, co-manage Research is the X factor that powers Janus Henderson Global Research Fund to benchmark-beating returns and into a best mutual fund.",2024-12-06,0.9618
2024-12-06 14:31:07+00:00,"Stock market today: Nasdaq, S&P 500 pop to strong weekly gains after jobs report boosts Fed rate cut odds US stocks mostly rose on Friday as investors digested the last monthly jobs report of the year, a crucial test of the prospects for interest rate cuts in December and beyond.
The Dow Jones Industria The last nonfarm payrolls report of 2025 gives a gut check on the labor market and economy ahead of the Fed's December policy decision.",2024-12-06,0.836
2024-12-06 16:15:03+00:00,"Today in Apple history: Lousy quarter proves Steve Jobs isn’t invincible December 6, 2000: Apple Computers stock price falls after the company posts its first quarterly loss since Steve Jobs return to Cupertino in 1997.
Shares tumble $3 to just $14 a share as doom-predic On December 6, 2000, Apple Computer's stock price fell dramatically after lousy quarterly results. However, the best was yet to come in 2001.
(via Cult of Mac - Apple news, rumors, reviews and how-tos)",2024-12-09,0.3612
2024-12-06 17:22:14+00:00,"8 Stocks Drive 50% Of The Year's $11.8 Trillion Stock Gain You already know about the Magnificent Seven stocks driving the S&amp;P 500. But what about the Elite Eight?
Eight stocks in the S&amp;P 500 including of course Nvidia (NVDA) and Amazon.com (AMZN) b You already know about the Magnificent Seven stocks driving the S&P 500. But what about the elite eight doing most of the work?",2024-12-09,0.885
2024-12-06 21:55:39+00:00,"Walmart Stock, Costco Roar As They Create Amazon-Like Businesses Even as artificial intelligence and data center computing drive a historic stock market rally, the top U.S. grocer Walmart (WMT) and club membership retailer Costco (COST) have outrun many of the top The traditional retailers have outrun many Big Tech stocks amid e-commerce shift in a complex consumer environment.",2024-12-09,0.7783
2024-12-07 00:10:38+00:00,"Dow Jones Futures: Nasdaq Runs Toward 20,000 But These Risks Are Mounting Dow Jones futures will open Sunday evening, along with S&amp;P 500 futures and Nasdaq futures.
The stock market rally had a mixed week, but all the major indexes hit fresh highs at one point amid ge The index is starting to look stretched. Four tech titans are flashing buy signals.",2024-12-09,0.1768
2024-12-07 06:07:28+00:00,Why Is Apple Inc. (AAPL) Among the Best Tech Stocks for Long Term Investment?  ,2024-12-09,0.6369
2024-12-07 12:34:39+00:00,"Jobs Report: Implications For The Markets And The Fed Job growth bounced back after the hurricanes and strike impacted October data, but not enough to ... [+] relieve all worry about a softening labor market.
getty
The November jobs report on Friday w The solid jobs report had enough cracks to cause the Fed to want some insurance against economic downside risks by cutting rates. The coming CPI report is significant.",2024-12-09,-0.4939
2024-12-07 13:35:00+00:00,"Thank Wealth Managers For These 8%+ Dividends Two businessman consult analyzing company financial cash flow result. Concept for teamwork business ... [+] corporate meeting and economy fund.
getty
I know that plenty of our readers are self-dire While many wealth managers can help their clients, the reality is that wealth managers face intense competition, and that can provide a temptation to cut corners.",2024-12-09,0.9186
2024-12-07 13:41:33+00:00,"Dow Jones Stocks: Apple Above Buy Point, Nvidia Reverses Lower With the Dow Jones Industrial Average looking to end the year with solid gains, the best Dow Jones stocks to watch in December 2024 are Apple (AAPL), Nvidia (NVDA), Salesforce (CRM), Sherwin-Williams Apple and Nvidia are among the best Dow Jones stocks in December 2024.",2024-12-09,0.8807
2024-12-07 14:00:00+00:00,"Intel ousts its CEO, Mark Zuckerberg eyes Trump, and Elon Musk loses again: Tech news roundup A current Apple (AAPL) employee is suing the company for illegally limiting worker freedoms through its required intellectual property agreement.
The lawsuit, filed Monday in California Superior Cou Elon Musk’s SpaceX is eyeing a tender offer that would value the aerospace company at $350 billionRead more...",2024-12-09,0.8519
2024-12-07 18:11:28+00:00,"While Equities Set Records, Employment Trends, Retail Sales Expectations And Rising Delinquencies Advise Caution Financial markets waited all week for the jobs data, and that data did not disappoint. Like in the Goldilocks tale, the jobs numbers werent too hot, nor too cold. They were just right! As a result, t Financial markets waited all week for the jobs data, and that data did not disappoint. As a result, the S&P 500 and the Nasdaq both closed a record high on Friday.",2024-12-09,0.4015
2024-12-07 18:27:35+00:00,Is Apple Inc. (AAPL) Dominating A Billionaire Quant’s Investment Strategy Right Now?  ,2024-12-09,-0.296
2024-12-07 20:21:55+00:00,"5 Stock Buys And Sells From Top Billionaire Investors Warren Buffett takes a slice of Dominos. Ken Griffin, David Tepper and Steve Cohen are shedding Amazon shares. Heres what SEC filings reveal about recent moves of the worlds richest and most successf Warren Buffett takes a slice of Domino’s. Ken Griffin, David Tepper and Steve Cohen are shedding  Amazon shares. Here’s what SEC filings reveal about the recent moves of the world’s richest and most successful investors.",2024-12-09,0.9552
2024-12-08 13:30:19+00:00,"Why Apple has little to do with these 2 rocking telecom stocks This is The Takeaway from today's Morning Brief, which you can sign up to receive in your inbox every morning along with:
<ul> Go figure, two of America's largest telecom stocks have been rocking.",2024-12-09,0.0
2024-12-08 13:30:19+00:00,"Why Apple has little to do with these 2 rocking telecom stocks This is The Takeaway from today's Morning Brief, which you can sign up to receive in your inbox every morning along with:
<ul><li>The chart of the day
</li><li>What we're watching
</li><li>What we Go figure, two of America's largest telecom stocks have been rocking.",2024-12-09,0.0
2024-12-08 16:08:11+00:00,"Apple Inc. (AAPL) to Launch In-House Modem and AI-Powered iPhone SE in 2024, Reducing Reliance on Qualcomm We recently compiled a list of the 10 AI News Taking Wall Street by Storm. In this article, we are going to take a look at where Apple Inc. (NASDAQ:AAPL) stands against the other AI stocks that are t We recently compiled a list of the 10 AI News Taking Wall Street by Storm. In this article, we are going to take a look at where Apple Inc. (NASDAQ:AAPL...",2024-12-09,0.0
2024-12-09 01:09:35+00:00,"How Networks Of Competence Are Crushing Hierarchies Of Authority Hierarchies of authority vs networks of competence
Stephen Denning
Around 2016, Amazon created a team to build an app for all its drivers that would integrate all of the information about delivery  Firms run as networks of competence tend to grow faster and have higher staff engagement then firms run as hierarchies of authority",2024-12-09,0.6249
2024-12-09 12:37:38+00:00,"Dow Jones Futures: Techs Fall As China Probes Nvidia; Beware These Risks Dow Jones futures were flat Monday morning, while S&amp;P 500 futures and Nasdaq futures fell slightly.
The stock market rally had a mixed week, but all the major indexes hit fresh highs at one poin The Nasdaq is getting stretched. Nvidia fell on a China monopoly probe.",2024-12-09,0.4206
2024-12-09 13:09:16+00:00,"Apple Inc. (AAPL) Faces Setbacks in China as AI Integration Struggles with Baidu, Impacting iPhone 16 Sales  ",2024-12-09,-0.3612
2024-12-09 13:24:00+00:00,"Apple, Nvidia, and Microsoft are America's best-managed companies right now, report says In This Story
Apple (AAPL-0.08%
) is the best-managed company in the U.S., according to a new ranking by The Wall Street Journal.
Of 250 companies, Nvidia (NVDA-1.81%
) came in second, followed b Apple (AAPL) is the best-managed company in the U.S., according to a new ranking by The Wall Street Journal.Read more...",2024-12-09,0.0
2024-12-10 03:13:52+00:00,"Apple Inc. (AAPL) Delays Smart Display HomePod Launch to 2025, Set to Feature Apple Intelligence Integration  ",2024-12-10,0.7003
2024-12-10 09:00:00+00:00,"Salesforce vs. Oracle Stock The Salesforce logo appears on the screen of a smartphone in Reno, United States, on November 29, ... [+] 2024. (Photo by Jaque Silva/NurPhoto via Getty Images)
NurPhoto via Getty Images
Given its  Given its better valuation, we believe that Salesforce stock (NYSE: CRM) is currently a better pick over its peer, Oracle stock.",2024-12-10,0.8225
2024-12-10 12:00:03+00:00,"How to play the Mag 7 stocks in 2025: Portfolio manager The ""Magnificent Seven"" made up of Nvidia (NVDA), Alphabet (GOOG, GOOGL), Tesla (TSLA), Microsoft (MSFT), Amazon (AMZN), Meta Platforms (META), and Apple (AAPL) drove major indexes (^DJI, ^IXIC, ^GSP The ""Magnificent Seven"" — made up of Nvidia (NVDA), Alphabet (GOOG, GOOGL), Tesla (TSLA), Microsoft (MSFT), Amazon (AMZN), Meta Platforms (META), and Apple (...",2024-12-10,0.9118
2024-12-10 12:46:45+00:00,"5 Things to Know Before the Stock Market Opens Michael Nagle / Bloomberg via Getty Images
U.S. stock futures are little changed after markets stepped back from record highs on tech sector jitters; GameStop (GME) reports earnings after markets cl News of the day for Dec. 10, 2024",2024-12-10,0.0
2024-12-10 15:59:22+00:00,"Nvidia Rebounds From Key Level After China Probe Scare, Buy Point Still In Play; Is Nvidia A Buy Now? Nvidia (NVDA) rattled investors Monday after news of an antimonopoly probe by Chinese regulators. But the stock found support at the 50 day moving average and is rebounding on Tuesday. That means tha Nvidia stock rebounded from the 50-day moving average after falling over 2% amid news of a China probe on Monday.",2024-12-10,0.3071
2024-12-10 21:10:43+00:00,"Amazon Stock Gets Price Target Hike On Generative AI Momentum Amazon (AMZN) stock pushed higher Tuesday before fading in afternoon trading. The tech giant is looking to build off a rally that started with its AI-focused cloud conference last week, with analysts An Amazon stock analyst upped his target for AMZN shares following the company's generative-AI-focused cloud conference.",2024-12-11,0.6486
2024-12-10 21:18:29+00:00,Dow Jones Falls As Nvidia Breaks Key Level On Taiwan Semi Report (Live Coverage) The Dow Jones Industrial Average and other major indexes fell to close Tuesday's trading session. Nvidia (NVDA) fell after investors were disappointed by a sales report from chip supplier Taiwan Semi Dow Jones fell in the stock market today. Nvidia rose from a key level of support. Tesla got a boost from an analyst upgrade.,2024-12-11,0.3182
2024-12-11 05:29:07+00:00,"DBS Analyst Downgrades Apple Inc. (AAPL) to ‘Hold’ with $243 Price Target, Citing Valuation and Short-Term Challenges  ",2024-12-11,0.0772
2024-12-11 05:29:07+00:00,"DBS Analyst Downgrades Apple Inc. (AAPL) to ‘Hold’ with $243 Price Target, Citing Valuation and Short-Term Challenges  We recently compiled a list of the 10 AI Stocks Taking Wall Street by Storm. In this article, we are going to take a look at where Apple Inc. (NASDAQ:AAPL) stands against the other AI stocks. Wall Street’s major indexes closed lower on Monday, December 9th, d…",2024-12-11,-0.2878
2024-12-11 13:35:00+00:00,"Apple users can now access ChatGPT through Siri In This Story
Apple (AAPL+0.36%
) unveiled a slate of new artificial intelligence features on its newest devices, including access to OpenAIs popular chatbot, ChatGPT.
Apple has integrated ChatGPT Apple (AAPL) unveiled a slate of new artificial intelligence features on its newest devices, including access to OpenAI’s popular chatbot, ChatGPT.Read more...",2024-12-11,0.8957
2024-12-11 15:55:57+00:00,"Why Is Apple Inc. (AAPL) Among Halvorsen’s Top Stock Picks Right Now? Ole Andreas Halvorsen is the founder and CEO of Viking Global, a hedge fund firm. He is known for his balanced approach to investing, combining strategic risk with disciplined analysis, and his philo We recently compiled a list of Norwegian Billionaire Halvorsen’s Top 10 Stock Picks. In this article, we are going to take a look at where Apple Inc...",2024-12-11,0.128
2024-12-11 15:59:26+00:00,"Apple adds ChatGPT to iPhones with latest Apple Intelligence update Apple has released its latest Apple Intelligence update, which brings ChatGPT to iPhones, iPads, and Macs, along with new features like visual intelligence, Image Playground, and Genmoji. The update  Apple released the second major update for its Apple Intelligence platform on Wednesday.",2024-12-11,0.9313
2024-12-11 16:25:29+00:00,"China's top smartphone player is still years behind the U.S. In This Story
Despite its comeback to compete with Apple in the Chinese smartphone market, Huaweis latest smartphone shows it is still years behind, researchers found.
In November, the Chinese tech Despite its comeback to compete with Apple in the Chinese smartphone market, Huawei’s latest smartphone shows it is still years behind, researchers found.Read more...",2024-12-12,0.2023
2024-12-11 16:34:59+00:00,Will Apple Intelligence Kickstart A New Era Of Growth For Apple (AAPL)?  ,2024-12-12,0.6908
2024-12-11 16:50:24+00:00,"Bitcoin Crosses Above $101K as XRP, AI Tokens Lead Crypto Rally Following CPI The crypto market is in recovery mode on Wednesday following a cascade of selling earlier in the week that for now appears to have flushed out much of the long leverage.
The move higher comes alongs Wednesday morning's in line U.S. inflation data seemingly cleared the way for a Fed rate cut next week.",2024-12-12,-0.1779
2024-12-11 17:32:06+00:00,"Stock market today: Nasdaq tops 20,000 for first time as Big Tech surge leads stocks higher US stocks rallied on Wednesday, led by Big Tech, as investors digested another month of sticky inflation data that met economists' expectations and likely pointed to a Federal Reserve interest rate c The CPI report sets the stage for the Federal Reserve's final interest rate decision of the year.",2024-12-12,0.8519
2024-12-11 18:53:53+00:00,"Big Tech hopes Trump's new FTC boss will be friendlier. Not everyone is so sure. Donald Trumps pick to run the Federal Trade Commission set off a fresh round of questions about what it could mean for the antitrust crackdown on Big Tech.
The short answer: It may be complicated.
 Donald Trump’s pick to run the Federal Trade Commission set off a fresh round of questions about what it could mean for the antitrust crackdown on Big Tech.",2024-12-12,0.908
2024-12-11 18:56:49+00:00,Jim Cramer Says ‘Just Own’ Apple (AAPL) Stock Amid Elongated iPhone Upgrade Cycle  ,2024-12-12,0.0
2024-12-12 11:00:53+00:00,"What Cruise's self-driving end means for Tesla and Waymo: Morning Brief This is The Takeaway from today's Morning Brief, which you can sign up to receive in your inbox every morning along with:
<ul><li>The chart of the day
</li><li>What we're watching
</li><li>What we Cruise's demise pokes another hole in the commercial fantasy of a robotaxi fleet.",2024-12-12,0.0
2024-12-12 11:00:53+00:00,"What Cruise's self-driving end means for Tesla and Waymo: Morning Brief This is The Takeaway from today's Morning Brief, which you can sign up to receive in your inbox every morning along with:
<ul> Cruise's demise pokes another hole in the commercial fantasy of a robotaxi fleet.",2024-12-12,0.0
2024-12-12 11:48:06+00:00,"Dow Jones Futures Fall After Tesla, Titans Push Nasdaq Above 20,000; What To Do Now Dow Jones futures fell slightly early Thursday, along with S&amp;P 500 futures and Nasdaq futures.
The stock market rally marched higher Wednesday, with the Nasdaq clearing the 20,000 level for the  Keep an eye on the Nasdaq and sentiment. Adobe tumbled late on guidance.",2024-12-12,0.0
2024-12-12 16:25:00+00:00,"United Airlines will let passengers share AirTag locations to find lost baggage In This Story
United Airlines (UAL-0.80%
) is rolling out a new update to its app that could help passengers track down their bags after landing. The company announced Thursday that its customers w United Airlines (UAL) is rolling out a new update to its app that could help passengers track down their bags after landing. The company announced Thursday that its customers will be able to share the location of Apple (AAPL) AirTags with the United app.Read …",2024-12-13,0.9493
2024-12-12 16:29:04+00:00,"Three Signs This Growth Stock Is Set To Extend 115% Run After Trouncing Apple, S&P 500 On Holding (ONON) has more than doubled this year, outperforming megacaps like Apple (AAPL) or even larger indexes like the S&amp;P 500, both of which gained about 28% this year. On Holding is Thursd On Holding has formed a three-weeks-tight pattern after rallying on earnings. Shares look set to extend a 115% gain.",2024-12-13,0.9485
2024-12-12 16:32:14+00:00,"Today in Apple history: Apple IPO mints instant millionaires December 12, 1980: Apple goes public, floating 4.6 million shares on the stock market at $22 per share. The Apple IPO is the biggest tech public offering of its day, and more than 40 out of 1,000 App On December 12, 1980, Apple went public, floating 4.6 million shares of stock at $22 per share. The Apple IPO makes some rich, others mad.
(via Cult of Mac - Apple news, rumors, reviews and how-tos)",2024-12-13,0.802
2024-12-12 16:32:14+00:00,"Today in Apple history: Apple IPO mints instant millionaires December 12, 1980: Apple goes public, floating 4.6 million shares on the stock market at $22 per share. The Apple IPO becomes the biggest tech public offering of its day. And more than 40 out of 1,00 On December 12, 1980, Apple went public, floating 4.6 million shares of stock at $22 per share. The Apple IPO makes some rich, others mad.
(via Cult of Mac - Apple news, rumors, reviews and how-tos)",2024-12-13,0.802
2024-12-13 13:06:12+00:00,"United Airlines integrates Apple’s new share item location feature for AirTag https://www.tipranks.com/news/the-fly/united-airlines-integrates-apples-new-share-item-location-feature-for-airtag
United (UAL) announces the integration of Apples (AAPL) new Share Item Location fea United (UAL) announces the integration of Apple’s (AAPL) new Share Item Location feature for AirTag into its mobile app, a move that’s expected to drive a...",2024-12-13,0.9186
2024-12-13 13:57:17+00:00,"Boeing's 737 Max reboot, JetBlue's first class, and a fancy new Delta lounge: Airlines news roundup Boeing is restarting 737 Max production. An airline industry group says more than 5 billion people will take to the skies next year. Delta is unveiling a super fancy new lounge at Boston Logan Intern Boeing is restarting 737 Max production. An airline industry group says more than 5 billion people will take to the skies next year. Delta is unveiling a...",2024-12-13,0.5994
2024-12-13 15:46:00+00:00,"Broadcom stock soars 20% as AI demand powers the company to a $1 trillion market cap In This Story
Broadcom (AVGO+20.99%
) has surpassed the $1 trillion market cap for the first time after it reported a 220% jump in artificial intelligence revenue.
The chipmakers shares were up by Broadcom (AVGO) has surpassed the $1 trillion market cap for the first time after it reported a 220% jump in artificial intelligence revenue.Read more...",2024-12-13,0.7845
2024-12-15 12:00:00+00:00,"Will Sticky Inflation Stop The Fed Rate Cut? Inflation has remained sticky, raising fear that the Federal Reserve could be prevented from further ... [+] interest rate cuts. For example, meat and egg prices are 3.8% higher year-over-year, while Higher inflation and a resilient economy have some wondering if the Fed will cut rates this week. This week will be full of economic data ahead of the Christmas week.",2024-12-16,-0.7717
2024-12-16 06:14:42+00:00,"AAPL, NVDA, or BABA: Which Tech Giant Could Offer the Highest Upside? The buzz around generative artificial intelligence (AI) and expectations of falling interest rates are driving several technology stocks higher. While there are concerns about stretched valuations, W The buzz around generative artificial intelligence (AI) and expectations of falling interest rates are driving several technology stocks higher. While there ...",2024-12-16,0.875
2024-12-16 07:43:04+00:00,"Apple Plans Slimmer iPhone as AI Integration Drives Growth Apple (AAPL, Financials) is reportedly preparing to release its thinnest iPhone yet, aiming to introduce the new modelunofficially dubbed the ""iPhone 17 Air""by 2025, multiple media outlets reported. The stock closed at $248.13 on Friday, finishing close to its 52-week high $250.80",2024-12-16,0.3818
2024-12-16 10:17:00+00:00,"Quartz What's Ahead 2025 2024 was a transformative year and 2025 promises to reorder the global business landscape at an even more dizzying, breakneck pace.
The AI arms race is upending companies, industries, and the way pe 2024 was a transformative year — and 2025 promises to reorder the global business landscape at an even more dizzying, breakneck pace.Read more...",2024-12-16,0.6369
2024-12-16 13:00:03+00:00,"The AI Race Is On. Do Ambitious Startups Like OpenAI Stand A Chance Against Big Tech? Two years after OpenAI introduced ChatGPT, the frenzy over artificial intelligence has morphed into a fierce competition between tech industry giants and upstarts.
AI stocks led by Nvidia (NVDA), Mi Will AI model builders OpenAI and Anthropic ever rank among the best AI stocks? Going public may be a challenge as they battle tech incumbents like Google and Meta.",2024-12-16,0.9211
2024-12-16 13:00:15+00:00,"10 Companies Buy Back Their Own Stock Like It's Going Out Of Style Some investors worry the S&amp;P 500 is overvalued. But apparently some companies see their own stock as a screaming buy.
XNOW PLAYINGBeating The Market: How To Find Outperforming StocksTen S&amp;P  Some investors worry the S&P 500 is overvalued. But apparently some companies see their own stock as a screaming buy.",2024-12-16,-0.8968
2024-12-16 13:21:00+00:00,"Apple is working on a foldable iPhone In This Story
After Huawei, Samsung, and Googles (GOOGL-0.65%
) splashy entrances into the foldable smartphone market, it appears Apple (AAPL+0.11%
) is trying to get in on the action with a bendy After Huawei, Samsung, and Google’s (GOOGL) splashy entrances into the foldable smartphone market, it appears Apple (AAPL) is trying to get in on the action with a bendy phone of its own.Read more...",2024-12-16,0.0
2024-12-16 18:49:00+00:00,"'Everybody wants to be my friend': Tech CEOs can't get enough of Donald Trump In This Story
Shortly after the 2016 election, the tech worlds biggest names largely didnt care for Donald Trump. This time around, they cant get enough of him.
In the first term, everybody was fig Shortly after the 2016 election, the tech world’s biggest names largely didn’t care for Donald Trump. This time around, they can’t get enough of him.Read more...",2024-12-17,0.582
2024-12-17 01:59:18+00:00,"Dow Jones Futures: Nvidia Triggers Sell Signal As Fed Meeting Looms Dow Jones futures, along with S&amp;P 500 futures and Nasdaq 100 futures, were slightly lower ahead of Tuesday's stock market open.
XNOW PLAYINGNasdaq Takes 20,000 On Poor Breadth; Amphenol, Dutch B Alphabet, Amazon, Apple and Tesla all set record highs Monday.",2024-12-17,-0.6003
2024-12-17 17:36:38+00:00,"Morgan Stanley Forecasts Stronger Enterprise Hardware Growth for 2025 As purchasing patterns strengthen across both business and consumer sectors, Morgan Stanley projected higher corporate IT hardware growth in 2025 and advised investors to keep their holdings in key n Morgan Stanley expects enterprise hardware growth of around 3% in 2025.",2024-12-18,0.8934
2024-12-17 20:41:47+00:00,"Why the 'Magnificent 7' rally could be a ‘defensive’ move Decembers market action has been all about a rally from several members of the ""Magnificent Seven"" tech stocks.
Tesla (TSLA), Alphabet (GOOGL, GOOG), Amazon (AMZN), and Apple (AAPL) all hit fresh re Wall Street strategists believe investors are seeking safety in the market's most consistent performers as nervousness grows about the path forward for...",2024-12-18,0.9081
2024-12-17 22:19:48+00:00,"Congo files criminal complaint against Apple for alleged mineral smuggling Minerals pillaged by armed groups in eastern Congo are tainting the supply chain for Apple AAPL-Q computers and cellphones, the Congolese government says in newly filed criminal complaints against Ap Minerals pillaged by armed groups in eastern Congo are tainting the supply chain for Apple AAPL-Q computers and cellphones, the Congolese government says in newly filed criminal complaints against Apple Inc. subsidiaries in France and Belgium.
The complaints,…",2024-12-18,-0.9633
2024-12-17 23:08:23+00:00,"Why the Dow is suddenly in a historic funk The Dow Jones Industrial Average (^DJI) is on its worst losing streak in nearly 50 years.
The major index has fallen for nine straight trading days, its largest stretch of consecutive declines since The Dow Jones Industrial Average has fallen for nine straight trading sessions, marking its worst losing streak since 1978.",2024-12-18,-0.9419
2024-12-18 01:30:13+00:00,"Tesla Will Be The 'Biggest Winner' In The Trump Era, Says Dan Ives; Predicts Nasdaq At 25,000 In 18 Months: 'Get the Popcorn Out' Wedbush Securities analyst Dan Ives predicts a major tech sector expansion driven by artificial intelligence and deregulation under President-elect Donald Trump‘s administration, forecasting the Nasd Wedbush Securities analyst Dan Ives predicts a major tech sector expansion driven by artificial intelligence and deregulation under President-elect Donald Trump's administration, forecasting the Nasdaq could reach 25,000 within 18 months.",2024-12-18,0.926
2024-12-18 07:21:27+00:00,"AI Breakthroughs by Apple Inc. (AAPL): What’s Next for Apple’s AI Innovations? We recently published a list of Top 10 AI News You Shouldnt Miss. In this article, we are going to take a look at where Apple Inc. (NASDAQ:AAPL) stands against other top AI news you shouldnt miss.
T We recently published a list of Top 10 AI News You Shouldn’t Miss. In this article, we are going to take a look at where Apple Inc. (NASDAQ:AAPL) stands...",2024-12-18,0.5702
2024-12-18 11:00:40+00:00,"Big Tech is dominating the market once again — and that's probably just fine: Morning Brief This is The Takeaway from today's Morning Brief, which you can sign up to receive in your inbox every morning along with:
<ul><li>The chart of the day
</li><li>What we're watching
</li><li>What we December is shaping up to be a tale of two markets.",2024-12-18,-0.1027
2024-12-18 11:00:40+00:00,"Big Tech is dominating the market once again — and that's probably just fine: Morning Brief This is The Takeaway from today's Morning Brief, which you can sign up to receive in your inbox every morning along with:
<ul> December is shaping up to be a tale of two markets.",2024-12-18,-0.1027
2024-12-18 13:01:06+00:00,"Best and Worst Holiday Stocks for Options Traders Its the holiday season! We have two consecutive short trading weeks on the way, with Christmas and New Years around the corner. I'm examining the historical data on how stocks tend to perform these w The week of Christmas is typically bullish for stocks",2024-12-18,0.6996
2024-12-18 21:05:16+00:00,"Warren Buffett Defense Pick Finds Key Support After Earnings Skid Warren Buffett's favorite defense stock Heico (HEI) edged past earnings views for its fiscal fourth quarter late Tuesday but missed on sales. On Wednesday, Heico stock received key support after skid The Heico earnings report showed decelerating top-line growth that just missed views.",2024-12-19,0.6908
2024-12-19 10:00:00+00:00,"Amazon, Walmart, and Target's top 10 last minute Christmas deals Thanksgiving, Black Friday, and Cyber Monday may be behind us, but Christmas is just around the corner and theres still time to find the perfect last-minute gift.
Retail giants Amazon, Walmart, and  Thanksgiving, Black Friday, and Cyber Monday may be behind us, but Christmas is just around the corner – and there’s still time to find the perfect last-minute gift.Read more...",2024-12-19,0.9568
2024-12-19 13:27:25+00:00,"Dow Jones Futures Rebound Ahead Of GDP, Jobless Claims; AI Chip Giant Micron Plunges The Dow Jones Industrial Average and other major indexes traded higher in premarket action Thursday, as stocks looked to bounce back from Wednesday's sell-off. Markets also digested stronger-than-exp Key earnings movers include Micron, Darden Restaurants and Lennar.",2024-12-19,0.0
2024-12-19 13:32:17+00:00,"Nvidia stock rebounds after broad market rout as analysts stay bullish on outlook Nvidia (NVDA) stock jumped as much as 2.7% early Thursday, as Wall Street analysts reiterated their Buy ratings on the stock despite concerns about rising competition and the possibility that AI chip Nvidia stock rose as Wall Street analysts reiterated their Buy ratings despite concerns about rising competition and the possibility that AI chip demand...",2024-12-19,-0.128
2024-12-19 15:36:35+00:00,"Apple finally added ChatGPT to the iPhone. There's no guarantee it’ll boost sales. Apple (AAPL) has released its second set of Apple Intelligence AI features for the iPhone, iPad, and macOS. The latest updates include a raft of long-awaited capabilities, including ChatGPT integrati Apple's latest Apple Intelligence updates include ChatGPT integration and the company's visual intelligence. Here's what it's like to use them.",2024-12-19,0.9146
2024-12-19 17:01:37+00:00,Tencent Stock Gains After Report Of Early AI Talks With Apple. Baidu Stock Falls. Apple (AAPL) is reportedly in talks with Chinese technology firms Tencent (TCEHY) and the privately-held ByteDance about using the companies' AI models for iPhones in China. Tencent stock gained foll Apple is reportedly in talks with Chinese technology firms Tencent and ByteDance about using their AI models. Tencent stock gained.,2024-12-20,0.765
2024-12-19 19:37:00+00:00,"We asked 5 AI chatbots to pick stocks for 2025. Here's what they said 1. Apple Inc. (AAPL): Apple (AAPL) continues to be a leader in technology with strong growth in its services segment, including payment processing and streaming media.
2. Amazon.com Inc. (AMZN): Ama The year 2025 is virtually here, bringing with it a wave of curiosity from investors eager to see what the stock market holds.Read more...",2024-12-20,0.8126
2024-12-20 15:09:54+00:00,"10 Biggest Losers of Dow's 10-Day Losing Streak The Dow Jones Industrial Average tried to rebound on Thursday and Friday from its 10-day slide. That losing streak, capped by a Federal Reserve-spurred meltdown on Wednesday, was the 30-stock, blue-c Investors shrugged off the meltdown on Thursday. A few Dow laggards rebounded.",2024-12-20,-0.8225
2024-12-20 15:58:11+00:00,"Dow Jones Jumps Nearly 400 Points As Government Shutdown Looms; Nvidia Rises While Tesla, Trump Shares Drop (Live Coverage) Volume on the New York Stock Exchange and on the Nasdaq was higher compared with the same time on Thursday. Advancing stocks outnumbered decliners by 4-to-1 on the NYSE and nearly 5-to-2 on the Nasda The Dow Jones rose on the stock market today as a government shutdown looms. Nvidia rose while Tesla fell along with a Trump stock.",2024-12-20,-0.2732
2024-12-20 16:15:58+00:00,"Today in Apple history: NeXT buyout brings Steve Jobs back to Cupertino December 20, 1996: Apple Computer buys NeXT, the company Steve Jobs founded after leaving Cupertino a decade earlier.
The deal costs Apple $429 million. Its a massive price to pay for the failing Ne On December 20, 1996, Apple Computer officially bought NeXT, the computer company Steve Jobs founded after leaving Apple a decade earlier.
(via Cult of Mac - Apple news, rumors, reviews and how-tos)",2024-12-23,-0.5719
2024-12-21 10:31:17+00:00,Jim Cramer on Apple Inc. (AAPL): ‘I Say Own It Don’t Trade It. . . It’s So Far The Biggest Position In Our Trust’  ,2024-12-23,0.0
2024-12-22 10:00:00+00:00,"Christmas festivities and holiday deals, with no major earnings reports to watch this week In This Story
Its Christmas week a time for celebration, family reunions, and lots of delicious food. It also marks the end of a year dotted with developments that kept the stock market buzzing with It’s Christmas week — a time for celebration, family reunions, and lots of delicious food. It also marks the end of a year dotted with developments that kept the stock market buzzing with excitement.Read more...",2024-12-23,0.9001
2024-12-22 14:30:11+00:00,"Spotify stock is trading at all-time highs just 2 years after a record low. Here's how it got there. At the end of 2022, Spotify (SPOT) stock was trading below $80 a share after a disastrous year for investors that erased over $35 billion from the company's market cap.
Today, shares are trading at  Spotify has staged an epic comeback, with its stock price increasing sixfold over the past two years. But the journey to get here hasn't been easy.",2024-12-23,-0.6006
2024-12-23 13:00:17+00:00,"Dow Jones Futures Fall After Funding Bill Averts Shutdown; Nvidia, Tesla Rally The Dow Jones Industrial Average and other major indexes traded mixed Monday in the wake of a funding bill that averted a government shutdown. Nvidia (NVDA) and Tesla (TSLA) were early winners on the Nvidia and Tesla rallied sharply higher, while Apple is at new highs.",2024-12-23,0.34
2024-12-23 13:20:00+00:00,"Apple could hit a $4 trillion market cap by early 2025 In This Story
Apples (AAPL+1.56%
)artificial intelligence rollout could drive demand for the iPhone 16 this holiday season and send the tech giants market value to a new record high.
Analysts at W Apple’s (AAPL) artificial intelligence rollout could drive demand for the iPhone 16 this holiday season — and send the tech giant’s market value to a new record high.Read more...",2024-12-23,0.9354
2024-12-23 14:07:40+00:00,"Nvidia stock is in a 'soul-searching' moment Listen and subscribe to Opening Bid on Apple Podcasts, Spotify, YouTube or wherever you find your favorite podcasts.
Investors voracious appetite for all things Nvidia (NVDA) might have cooled sligh Nvidia's stock might be cooling, but is it something to worry about?",2024-12-23,-0.431
2024-12-23 15:39:42+00:00,"Stock Market Today: Dow Jones Sees Red; Palantir Fades As Tesla Tries To End Losing Streak (Live Coverage) The Dow Jones Industrial Average and other major indexes started the holiday-shortened week lower Monday, after a strong day of gains Friday. Palantir Technologies (PLTR) reached a new high on the st The Dow Jones fell while the S&P 500 struggled to climb on the stock market today. Palantir stock sank as Tesla and Nvidia rose higher.",2024-12-23,-0.0258
2024-12-23 17:14:29+00:00,"MicroStrategy's Additional $561M Bitcoin Bet: Bold Move or Bubble Waiting to Burst? MicroStrategy (NASDAQ:MSTR) just made wavesagain. The company dropped a cool $561 million to scoop up another 5,262 BTC, pushing its total Bitcoin (BTC-USD) stash to a jaw-dropping 444,262 coins. Thi Joining Nasdaq 100, MicroStrategy doubles down on Bitcoin with over 444,000 BTC in its arsenal.",2024-12-24,0.6705
2024-12-24 11:00:47+00:00,"Nvidia dominated 2024 big-time. Next year? Plenty of challenges. Nvidia (NVDA) has had the kind of year most companies can only dream of.
Its revenue and stock price soared thanks to prescient investments in artificial intelligence technologies that are paying of Nvidia dominated 2024, and 2025 is looking just as good. But there's turbulence on the horizon.",2024-12-24,0.6808
2024-12-24 13:07:15+00:00,"Dow Jones Futures Fall As Nvidia Hits Key Level; AI Chip Leader TSMC Breaks Out The Dow Jones Industrial Average and other major indexes were mixed Tuesday in a shortened Christmas Eve trading session. An early stock to watch is Nvidia (NVDA), which is hitting a key resistance l Nvidia hit a key resistance level Monday, AI chip stock TSMC broke out past a buy point.",2024-12-24,0.0516
2024-12-24 15:49:59+00:00,"Tesla Stock Leads Magnificent Seven Shares Higher Justin Sullivan / Getty Images
Tesla's (TSLA) shares were the S&amp;P 500's top gainers Tuesday as the Magnificent Seven big tech stocks rose on Christmas Eve.
Shares of the EV maker finished the d Tesla's shares were the S&P 500's top gainers Tuesday as the Magnificent Seven big tech stocks rose on Christmas Eve.",2024-12-24,0.9686
2024-12-24 20:23:03+00:00,"Nvidia Stock Is At Its 50-Day Line. This Trade Gets You Bullish Exposure With Limited Risk. Nvidia (NVDA) looks like it's back in rally mode as it attempts to retake its 50-day moving average. Nvidia stock trades at its 50-day line.
XNOW PLAYINGMarket Recovery Gives Investors An Early Chri With Nvidia on the cusp of retaking its 50-day line, is it time to get some bullish exposure?",2024-12-25,-0.128
2024-12-26 12:49:09+00:00,"Top analyst revisits Apple stock price target on march to $4 trillion Apple shares edged lower in early Thursday trading but a longtime bull on the stock suggests its march to a $4 trillion valuation ""is still being underestimated by"" Wall Street.Apple (AAPL) shares ha Apple shares edged lower in early Thursday trading but a longtime bull on the stock suggests its march to a $4 trillion valuation ""is still being underestimated by"" Wall Street.
Apple (AAPL) shares have risen nearly 10% over the past month, and have added mor…",2024-12-26,0.5859
2024-12-26 13:00:23+00:00,"Funds Want A Piece Of This Fashionable AI Stock — And Its Breakout When you think of artificial intelligence stocks, names like Nvidia (NVDA), Alphabet (GOOGL), Apple (AAPL) and Meta Platforms (META) come to mind. But as AI weaves its way across all industries, Ralp Ralph Lauren stock joins Meta among new buys by top funds as it eyes breakout.",2024-12-26,0.631
2024-12-26 13:05:05+00:00,"Dow Jones Futures Fall Ahead Of Jobless Claims; Nvidia Hits Buy Point The Dow Jones Industrial Average and other major indexes were lower Thursday, as Wall Street awaited weekly unemployment data. An early name to watch on the stock market today is Nvidia (NVDA), which Nvidia hit a buy point Tuesday, while Tesla continued to rebound.",2024-12-26,-0.6666
2024-12-26 14:13:14+00:00,"From Microsoft to Nvidia, the AI agents are coming in 2025 If 2024 was the year of artificial intelligence chatbots becoming more useful, 2025 will be the year AI agents begin to take over. You can think of agents as super-powered AI bots that can take actio Big Tech will lean heavily into AI agents in 2025. And if the technology works as promised, it could make som tedious tasks a lot easier.",2024-12-26,0.8908
2024-12-26 14:30:45+00:00,"Stock market today: Dow, S&P 500, Nasdaq inch higher, bitcoin slumps after Christmas break US stocks held steady Thursday as trading resumed after the Christmas holiday and Wall Street digested one of the only significant economic data points of the week.
The S&amp;P 500 (^GSPC) was littl US stocks were set to open post-Christmas trading with a bit of a hangover.",2024-12-26,0.5423
2024-12-26 16:40:31+00:00,"Apple On Cusp Of 'Golden Era Of Growth,' Analyst Says With Apple (AAPL) stock in record-high territory, a longtime Apple bull on Thursday raised his price target to the highest level on Wall Street.
Wedbush Securities analyst Daniel Ives maintained his With Apple stock in record-high territory, a longtime Apple bull on Thursday raised his price target to the highest level on Wall Street.",2024-12-27,0.5859
2024-12-26 17:52:35+00:00,"Stock market today: Dow ekes out gains, bitcoin slumps as 'Santa Claus' rally takes a pause US stocks struggled to meaningfully extend a ""Santa Claus"" rally the day after Christmas while Wall Street digested one of the only significant economic data points of the week.
The S&amp;P 500 (^GS US stocks were set to open post-Christmas trading with a bit of a hangover.",2024-12-27,0.3612
2024-12-26 18:26:15+00:00,"Nasdaq 100 Adjusts Weightings Amid Record Gains by Major Tech Firms Meta Platforms (META, Financials), Broadcom (AVGO, Financials), and Tesla (TSLA, Financials) all saw weightings within the Nasdaq 100 index shrink after notable stock price gains over the year. Bloom This marks the second adjustment to the Nasdaq 100 this year, aimed at limiting the dominance of the largest constituents.",2024-12-27,0.6808
2024-12-27 13:58:10+00:00,"Apple Set to Become First $4 Trillion Company Apple is on the brink of becoming the first company in history to surpass a $4 trillion market valuation, Fortune reports.
Apple's stock (AAPL) has nearly risen 40% in 2024. Before the markets opene Apple is on the brink of becoming the first company in history to surpass a $4 trillion market valuation, Fortune reports.





Apple's stock (AAPL) has nearly risen 40% in 2024. Before the markets opened on December 27, Apple's market capitalization stood at…",2024-12-27,0.0
2024-12-27 14:32:06+00:00,"Stock market today: Dow, S&P 500, Nasdaq sink as Nvidia, Tesla lead Big Tech slide US stocks opened on a downbeat note as Wall Street slogged to the finish of a largely triumphant year.
The S&amp;P 500 (^GSPC) lost 1.5%, while the tech-heavy Nasdaq Composite (^IXIC) shed 2.2% Frid Wall Street looked to be slogging to the finish of a largely triumphant year.",2024-12-27,0.6705
2024-12-27 15:11:33+00:00,"The AI stock trade is starting to shift beyond the 'Magnificent 7' Investor enthusiasm surrounding artificial intelligence has once again driven the ""Magnificent Seven"" tech stocks to another banner year, with Tesla (TSLA), Meta (META), Amazon (AMZN), Alphabet (GOOG Strategists expect the artificial intelligence trade will mature in 2025 to benefit companies beyond those buying and creating new AI chips.",2024-12-27,0.9766
2024-12-27 17:24:42+00:00,"Analyst on NVIDIA (NVDA): Investors Should Be ‘Very Vigilant’ Amid Rising Competition We recently published a list of Top 10 AI Stocks That Should Be On Your Watchlist for 2025. In this article, we are going to take a look at where NVIDIA Corporation (NASDAQ:NVDA) stands against other We recently published a list of Top 10 AI Stocks That Should Be On Your Watchlist for 2025. In this article, we are going to take a look at where NVIDIA...",2024-12-30,0.3818
2024-12-27 17:44:00+00:00,"The Dow sinks 500 points as Nvidia and Tesla lead tech decline In This Story
The Dow fell sharply on Friday, dropping more than 500 points as tech giants within the so-called Magnificent Seven saw significant declines.
The Dow Jones Industrial Average lost 542 The Dow fell sharply on Friday, dropping more than 500 points as tech giants within the so-called “Magnificent Seven” saw significant declines.Read more...",2024-12-30,0.6369
2024-12-27 17:44:00+00:00,"The Dow sinks 500 points as Nvidia and Tesla lead tech decline Photo: Michael M. Santiago (Getty Images)
The Dow fell sharply on Friday, dropping more than 500 points as tech giants within the so-called Magnificent Seven saw significant declines.
The Dow Jones The Dow fell sharply on Friday, dropping more than 500 points as tech giants within the so-called “Magnificent Seven” saw significant declines.",2024-12-30,0.7579
2024-12-27 22:55:43+00:00,"Investing Action Plan: The Stock Market Santa Rally, Pt. 2 (+Tesla Deliveries) With the Nasdaq bobbing above its 21-day moving average and just below the 20,000 level, and the S&amp;P 500 testing its 50-day line, the stock market is in good standing as it prepares for 2024's la The stock market heads into the second week of the Santa Claus rally period, including the 2025 New Year and Tesla deliveries.",2024-12-30,0.4404
2024-12-27 23:08:21+00:00,Analyst Says Apple (AAPL) Stock is Expensive Amid ‘Slow-Developing’ Upgrade Cycle  ,2024-12-30,0.0
2024-12-30 02:22:58+00:00,"How Networks Of Competence Achieve Superior Competitive Advantage The Winner Is... 
getty
In the summer of 2002, Amazon CEO Jeff Bezos went on vacation. His firm had survived the dot-com crash of 2000, with an obsessional focus on customer value. Amazon had grown How Networks Of Competence Beat Hierarchies Of Authority In Terms Of Cost, Customers, Network Effects, Differentiation, Focus, Speed, Innovation, Control, Fulfillment",2024-12-30,0.9413
2024-12-30 05:31:36+00:00,"Jim Cramer on Apple Inc. (AAPL): ‘It Was The Dumb Money That Was Getting Out, Because Warren Buffett Or One Of His Assistants Made Us Nervous’  ",2024-12-30,-0.5106
2024-12-30 12:43:36+00:00,"Stock market today: S&P 500, Nasdaq, Dow slide as strong year nears its close Stocks fell on Monday, with the woes of the three major indexes continuing in the final week of the year as an otherwise strong 2024 comes to a close.
The benchmark S&amp;P 500 (^GSPC) slipped more  Stocks moved lower on Monday morning as the market slumped to end 2024.",2024-12-30,0.3041
2024-12-30 12:43:36+00:00,"Stock market today: S&P 500, Nasdaq and Dow sink to start final trading week of 2024 Stocks fell on Monday, with the woes of the three major indexes continuing in the final week of the year as an otherwise strong 2024 comes to a close.
The benchmark S&amp;P 500 (^GSPC) dropped about Stocks moved lower on Monday morning as the market slumped to end 2024.",2024-12-30,-0.2023
2024-12-30 13:03:09+00:00,"Dow Jones Futures Fall 290 Points As Nvidia Offers New Buy Point; Tesla Extends Losses The Dow Jones Industrial Average and other major indexes traded lower Monday, threatening to extend Friday's stock market sell-off heading into the final two trading days of 2024. Two early losers on Nvidia offered a new buy point, while Tesla threatened to extend Friday's losses.",2024-12-30,-0.9295
2024-12-30 14:14:56+00:00,"Warren Buffett Puts Cash Reserves To Work Buying S&P 500 Underperformer Warren Buffett's cash reserves have been at all-time highs heading into 2025, but in the past few weeks he's been scooping up more shares of S&amp;P 500 component VeriSign (VRSN), upping his bet on t Warren Buffett went a buying spree in late December, purchasing VeriSign stock in multiple sessions through Dec. 24.",2024-12-30,0.5006
2024-12-30 14:30:00+00:00,"Rising Treasury yields are the biggest challenge to this bull market. Here are the ‘trigger levels’ to watch. Investors hoping for a Santa Rally have so far been disappointed. The opening bell on Monday shows Wall Street again struggling following a 1.1% dip for the S&amp;P 500 SPX at the end of last week.On Expect more equity and bond market volatility in early 2025, says Evercore ISI",2024-12-30,-0.3102
2024-12-30 14:35:46+00:00,Apple (AAPL) Must Rethink Software To Justify $4 Trillion Valuation  ,2024-12-30,0.0
2024-12-30 15:50:00+00:00,"The Dow sinks 650 points in the final days of 2024 In This Story
The Dow dropped 650 points on Monday morning as lighter trading volumes were anticipated in the final days of 2024. The market experienced a wave of profit-taking, especially in the te The Dow dropped 650 points on Monday morning as lighter trading volumes were anticipated in the final days of 2024. The market experienced a wave of profit-taking, especially in the technology sector.Read more...",2024-12-30,0.0
2024-12-30 20:05:00+00:00,"Apple TV+ will be free to stream this weekend In This Story
Apple (AAPL-0.93%
) announced Monday that its video streaming service, Apple TV+, will be free worldwide this upcoming weekend, allowing anyone with an Apple ID to access the platform Apple (AAPL) announced Monday that its video streaming service, Apple TV+, will be free worldwide this upcoming weekend, allowing anyone with an Apple ID to access the platform’s shows.Read more...",2024-12-31,0.872
2024-12-30 23:32:48+00:00,"Dow Jones Futures: Nvidia, S&P 500 Below Key Levels After Stock Market Sell-Off Dow Jones futures, along with S&amp;P 500 futures and Nasdaq 100 futures, were slightly lower ahead of Tuesday's open following Monday's stock market sell-off.
Nvidia stock reversed higher Monday, s The Magnificent Seven stocks, excluding Nvidia, logged sharp losses Monday.",2024-12-31,0.0754
2024-12-31 10:00:00+00:00,"The AI stocks that could boom in 2025 Big Tech stocks could have another big year in 2025.
Nvidia (NVDA), Amazon (AMZN), Alphabet (GOOGL), and Apple (AAPL) could continue to be some of the biggest winners of the artificial intelligence- Nvidia, Amazon, Google parent Alphabet, and Apple could continue to see their shares boosted by AI",2024-12-31,0.9062
2024-12-31 12:51:00+00:00,"Zuckerberg is cashing in on Meta’s record stock price with fresh share sales Facebook founder and CEO Mark Zuckerberg sold a fresh batch of Meta Platforms Inc.s stock last week, according to regulatory filings. - Agence France-Presse/Getty Image
Mark Zuckerberg, founder and  Facebook’s founder and CEO has sold a record of more than $2 billion of Meta’s stock this year.",2024-12-31,0.7003
2024-12-31 13:04:43+00:00,"Dow Jones Futures Rise Ahead Of Final Trading Day Of 2024; Nvidia, Tesla Climb The Dow Jones Industrial Average and other major indexes traded higher heading into the final trading day of 2024, looking to bounce back from Monday's stock market sell-off. Two early winners on the Nvidia is setting up to retake a key level, while Tesla looked to snap a three-day skid.",2024-12-31,0.4767
2024-12-31 14:30:39+00:00,"Stock market today: Stocks slide as Wall Street's year of 20% gains ends on a quiet note US stocks slipped Tuesday, closing 2024 with an uncharacteristic down note after a roaring year of trading.
The S&amp;P 500 (^GSPC) fell 0.4%. The Dow Jones Industrial Average (^DJI) dropped just be US stocks slipped Tuesday, continuing an uncharacteristic limp to the finish after a roaring year of trading.",2024-12-31,0.34
2024-12-31 15:43:47+00:00,"Stock Market Today: Dow Jones Bounces Modestly; Tesla Gains As Some Of Year's Top Winners Fall (Live Coverage) The Dow Jones Industrial Average rose 0.4% in early trades Tuesday, and other indexes also rose as investors sought to end the year on a high note.The S&amp;P 500 and the Nasdaq are trying to break a The Nasdaq is headed for a 30% gain for the year.",2024-12-31,0.8658
2024-12-31 22:00:53+00:00,"Stock Market Caps Best Two-Year Gain Of 21st Century The stock market had a weak finish, but 2024 was another strong year, with the S&amp;P 500 index boasting its best two-year performance of the 21st century. A lot of the credit goes to Nvidia (NVDA)  The S&P 500 had its second straight annual gain of more than 20%.",2025-01-01,0.9714
2025-01-01 13:45:00+00:00,"This 14.4% Dividend Is A Smart Contrarian Pick For 2025 A businesswoman analyzes the profitability of operating companies using digital graphs, positive ... [+] trends for 2025.
getty
2024 is hours from heading out the door, and heres the state of play: The bond market has been screaming at the Fed that the inflation is not done. The economy is fine. There are plenty of jobs. The market is not hurting for liquidity.",2025-01-01,0.8822
2025-01-02 12:14:52+00:00,"Stock market today: Nasdaq, S&P 500, Dow rise as Wall Street eyes a new year comeback Stocks edged higher on Thursday to kick off the first day of trading of the new year as Wall Street returned from holiday.
The S&amp;P 500 (^GSPC) popped 0.2%, while the Dow Jones Industrial Average Markets are set to kick off the new year on the front foot as faith in techs re-emerges.",2025-01-02,0.6705
2025-01-02 13:00:57+00:00,"S&P 500 Takes Tech Stocks Down A Notch Big changes to the S&amp;P 500 are taking giant tech stocks down a notch. And that means big changes for ETF investors.
XNOW PLAYINGBeating The Market: How To Find Outperforming StocksStarting Dec.  Big changes to the S&P 500 are taking giant tech stocks down a notch. And that means big changes for ETF investors.",2025-01-02,0.0
2025-01-02 13:05:35+00:00,"Dow Jones Futures Rally Ahead Of Jobless Claims; Tesla Q4 Deliveries Next The Dow Jones Industrial Average and other major indexes traded higher Thursday ahead of the Labor Department's weekly jobless claims. An early winner on the stock market today was Tesla (TSLA), whic Futures advanced sharply Thursday, looking to start 2025 with solid gains.",2025-01-02,0.8316
2025-01-02 14:31:20+00:00,"Stock market today: Dow, Nasdaq, S&P 500 rise as Wall Street eyes a new year comeback Stocks rose on Thursday to kick off the first trading day of the new year as Wall Street returned from holiday.
The S&amp;P 500 (^GSPC) edged up 0.4%, while the Dow Jones Industrial Average (^DJI) r Markets are set to kick off the new year on the front foot as faith in techs reemerges.",2025-01-02,0.6705
2025-01-02 15:04:42+00:00,"Magnificent Seven Stocks: Nvidia Rebounds; Tesla Slides On Q4 Deliveries Dubbed the Magnificent Seven stocks, Apple, Microsoft, Google parent Alphabet, Amazon.com, Nvidia, Meta Platforms and Tesla lived up to their name in 2024 with big gains.
Due to their outsized marke Magnificent Seven stocks to watch in January 2025 include Apple, Nvidia and Tesla.",2025-01-02,0.9337
2025-01-02 15:12:38+00:00,"Apple to pay $95 million to settle Siri privacy lawsuit By Jonathan Stempel
(Reuters) - Apple (AAPL) agreed to pay $95 million in cash to settle a proposed class action lawsuit claiming that its voice-activated Siri assistant violated users' privacy.
A  Apple agreed to pay $95 million in cash to settle a proposed class action lawsuit claiming that its voice-activated Siri assistant violated users' privacy.  ...",2025-01-02,-0.8591
2025-01-02 15:55:00+00:00,"Apple is giving discounts on iPhones in China to compete with Huawei In This Story
Apple (AAPL-2.35%
) is giving its Chinese customers a discount on iPhones as it competes with homegrown rivals such as Huawei.
The iPhone maker is offering a discount of up to 500 Ch Apple (AAPL) is giving its Chinese customers a discount on iPhones as it competes with homegrown rivals such as Huawei.Read more...",2025-01-02,0.7351
2025-01-02 17:00:47+00:00,"Top Stock Movers Now: Uber, Unity Software, Tesla, and More CFOTO / Future Publishing via Getty Images
 People shop for a Tesla car in Yichang, China, on Dec. 31, 2024.
<ul><li>U.S. equities edged higher on the first trading day of the new year as optimism  U.S. equities edged higher on the first trading day of the new year as optimism about corporate growth in the future was dampened somewhat by concerns about ...",2025-01-03,0.886
2025-01-02 17:00:47+00:00,"Top Stock Movers Now: Uber, Unity Software, Tesla, and More CFOTO / Future Publishing via Getty Images
 People shop for a Tesla car in Yichang, China, on Dec. 31, 2024.
<ul> U.S. equities edged higher on the first trading day of the new year as optimism about corporate growth in the future was dampened somewhat by concerns about ...",2025-01-03,0.7845
2025-01-02 17:33:33+00:00,"Dow Jones Stocks: Nvidia Rallies, Apple Dives With the Dow Jones Industrial Average looking to add to last year's strong gains, the best Dow Jones stocks to watch in January 2025 are Amazon.com (AMZN), Apple (AAPL), Nvidia (NVDA), Salesforce (CR Apple and Nvidia are among the best Dow Jones stocks in January 2025.",2025-01-03,0.9337
2025-01-02 18:38:31+00:00,"Apple Stock Falls On iPhone Discounts In China Apple (AAPL) stock sank Thursday on news reports that the consumer electronics giant cut iPhone prices in China to compete with domestic rivals such as Huawei.
Apple announced discounts of up to 500 Apple stock sank Thursday on reports that the consumer electronics giant cut iPhone prices in China to compete with domestic rivals.",2025-01-03,-0.4939
2025-01-02 21:48:41+00:00,"S&P 500 Gains and Losses Today: Tesla Stock Drops as Deliveries Miss Forecasts Sean Gallup / Getty Images
<ul><li>The S&amp;P 500 dropped 0.2% on Thursday, Jan. 2, marking a slow start to a new year of trading.
</li><li>Nuclear energy stocks increased after Constellation Ener The S&P 500 dropped 0.2% on Thursday, Jan. 2, marking a slow start to a new year of trading following last year's strong stock market performance.",2025-01-03,0.6808
2025-01-02 21:48:41+00:00,"S&P 500 Gains and Losses Today: Tesla Stock Drops as Deliveries Miss Forecasts Sean Gallup / Getty Images
<ul> The S&P 500 dropped 0.2% on Thursday, Jan. 2, marking a slow start to a new year of trading following last year's strong stock market performance.",2025-01-03,0.34
2025-01-02 22:02:51+00:00,"How AI Is Mitigating Threats In Capital Markets AI-powered tools are giving publicly traded companies the opportunity to fight against malicious ... [+] actors. (Photo Illustration by Budrul Chukrut/SOPA Images/LightRocket via Getty Images)
SOPA  Public companies now face threats they couldn't have imagined a decade ago. But AI is helping them fight back hard.",2025-01-03,-0.4939
2025-01-02 22:14:33+00:00,"Funds Scoop This Winner With Tesla-Like Gains; Chart Flashes Buy Signals Not many stocks can boast the kind of gains the Magnificent Seven had in 2024. Even fewer can lay claim to outperforming them. But media and entertainment stock TKO Group (TKO) would come second for  TKO Group organizes UFC events and outperformed Magnificent Seven stocks Meta, Apple, Google, Microsoft with a 74% gain in 2024.",2025-01-03,0.9698
2025-01-03 13:25:27+00:00,"Apple has agreed to pay $95 million over Siri's alleged eavesdropping In This Story
Tech giant Apple (AAPL-2.83%
) has agreed to pay $95 million to settle a proposed cash action lawsuit over allegations that it used its virtual assistant to eavesdrop on iPhone users. Tech giant Apple (AAPL) has agreed to pay $95 million to settle a proposed cash action lawsuit over allegations that it used its virtual assistant to eavesdrop on iPhone users.Read more...",2025-01-03,0.0772
2025-01-03 14:30:47+00:00,"Stock market today: Dow, S&P 500, Nasdaq jump as Nvidia, Tesla lead spark to end losing week US stocks stepped higher on Friday, shaking off a downbeat start to 2025 as Tesla (TSLA) and Nvidia (NVDA) led a tech-heavy comeback.
The S&amp;P 500 (^GSPC) rose 1.3%, while the Dow Jones Industria Hopes are dim for a ""Santa Claus"" rally after a five-session run of losses for the S&P 500.",2025-01-03,-0.3182
2025-01-03 16:52:22+00:00,"Nvidia Hits Buy Point Amid CES Chip Buzz; Is Nvidia A Buy Now? Nvidia (NVDA) rose above the 50-day moving average Friday and hit an early buy point at 141.90. Does that mean Nvidia stock  is a buy now?
The 50 day moving average on a stock chart is a key level t Nvidia stock soared past the 50-day moving average on Friday and hit a buy point ahead of the CES event on Monday when it will reveal its latest chips.",2025-01-06,0.0
2025-01-03 20:09:44+00:00,"Apple's $95 Million Siri Privacy Settlement: What You Need To Know Jakub Porzycki / NurPhoto / Getty Images
<ul> Apple this week agreed to a proposed $95 million settlement to resolve a class action lawsuit alleging that some customers had private conversations...",2025-01-06,0.4215
2025-01-03 21:03:15+00:00,"Warren Buffett Stocks: What's Inside Berkshire Hathaway's Portfolio? You need to keep up on Warren Buffett stocks, because while the Berkshire Hathaway (BRKB) chief sticks to a winning investing formula, that doesn't mean sitting still.
XNOW PLAYINGWarren Buffett Vs. The Berkshire Hathaway chief sticks to a winning formula, but he does not sit still.",2025-01-06,0.5267
2025-01-05 14:21:13+00:00,"Is Apple Inc. (NASDAQ:AAPL) the Hottest Large-Cap Stock Right Now? We recently compiled a list of the 10 Hottest Large-Cap Stocks Right Now. In this article, we are going to take a look at where Apple Inc. (NASDAQ:AAPL) stands against the other large-cap stocks.
Th We recently compiled a list of the 10 Hottest Large-Cap Stocks Right Now. In this article, we are going to take a look at where Apple Inc. (NASDAQ:AAPL...",2025-01-06,0.0
2025-01-06 14:31:00+00:00,"This strategist says a popular ETF could jump at least 15%. It’s a bet inflation will be contained. Treasurys are attractive at current levels, according to Roth Capital Partners - AFP via Getty Images
Monday action shows stocks adding to the previous sessions rebound. Thats particularly promising Treasurys are attractive at current levels, according to Roth Capital Partners",2025-01-06,0.8908
2025-01-06 16:00:59+00:00,"Qualcomm reveals Snapdragon X chip for AI PCs, new desktop system at CES 2025 Qualcomm (QCOM) is diving further into the PC industry, debuting its new Snapdragon X chip for mid-range laptops and desktops. The chip, which the company says will be available in PCs beginning this Qualcomm launches Snapdragon X chip for laptops and desktops in challenge to Intel at CES 2025.",2025-01-07,0.1531
2025-01-06 18:57:51+00:00,"Analyst: People Buying Apple Inc (AAPL) Products ‘In Droves’ We recently published a list of 10 AI Stocks on Investors Radar In January 2025. In this article, we are going to take a look at where Apple Inc. (NASDAQ:AAPL) stands against other AI stocks on inves We recently published a list of 10 AI Stocks on Investors’ Radar In January 2025. In this article, we are going to take a look at where Apple Inc...",2025-01-07,0.0
2025-01-07 14:40:59+00:00,"Apple, Tesla downgraded: Wall Street's top analyst calls The most talked about and market moving research calls around Wall Street are now in one place. Here are today's research calls that investors need to know, as compiled by The Fly. Apple, Tesla downgraded: Wall Street's top analyst calls",2025-01-07,0.3818
2025-01-07 15:08:41+00:00,"Micron (MU) Stock Jumps for Second Day After Nvidia (NVDA) Mention Micron Technologies (MU) is climbing for a second straight day after Nvidia (NVDA) noted that it was using MU's chips in its new products. After advancing 10.5% yesterday, the shares are climbing 6%  Micron Technologies (MU) is climbing for a second straight day after Nvidia (NVDA) noted that it was using MU’s chips in its new products. After advancing...",2025-01-07,0.6124
2025-01-07 19:52:41+00:00,"Bernstein Raises Apple (AAPL) Price Target, Highlights AI and Platform Strength  ",2025-01-08,0.4939
2025-01-08 19:24:18+00:00,"Dumb Trading Apple (AAPL)
Google (GOOGL)
Microsoft (MSFT)
Amazon (AMZN)
Bitcoin (BTC) a dedicated site for the weirdly addictive stock-trading minigame from Neal.fun's Stimulation Clicker #",2025-01-09,-0.2023
2025-01-08 19:24:45+00:00,Analyst: Apple’s (AAPL) Valuation Is “Ridiculously Stretched”  ,2025-01-09,0.0
2025-01-08 20:55:32+00:00,"Apple, Nvidia, Microsoft, Amazon, and Alphabet Drive S&P 500 Market Concentration to ... With Apple (AAPL, Financials), Nvidia (NVDA, Financials), Microsoft (MSFT, Financials), Amazon (AMZN, Financials), and Alphabet (GOOG, Financials) (GOOGL, Financials) together accounting 28.8% of the Top five stocks represent 28.8% of the index as of Dec. 31, 2024.",2025-01-09,0.4939
2025-01-09 10:00:00+00:00,"This free tool uses AI to appeal insurance denials — which may have be denied by AI In This Story
A Silicon Valley software engineer is leveraging her technological expertise to help patients use AI to fight back against health insurance claim denials some of which may have been dr A Silicon Valley software engineer is leveraging her technological expertise to help patients use AI to fight back against health insurance claim denials — some of which may have been driven by AI themselves.Read more...",2025-01-09,0.1531
2025-01-09 11:40:26+00:00,"Stocks are priced for 'perfection' and more vulnerable to a correction, Goldman warns A perfect, money-making market backdrop may not continue for much longer as investors digest rising bond yields, bloated valuations and uncertainty over further interest-rate cuts.
That a fresh warn How long can the markets withstand higher bond yields and other risks? Goldman Sachs warns maybe not much longer.",2025-01-09,0.1548
2025-01-09 14:50:00+00:00,"TikTok's Supreme Court date is tomorrow. Here's what to know as it fights a U.S. ban In This Story
The nations highest court is preparing to hear the case against banning one of the most popular social media platforms in the U.S.
In April, President Joe Biden signed a bipartisan bi The nation’s highest court is preparing to hear the case against banning one of the most popular social media platforms in the U.S.Read more...",2025-01-09,0.5402
2025-01-09 15:10:00+00:00,"Apple says Siri isn't eavesdropping and selling your data In This Story
Apple (AAPL+0.20%
) said Siri user data is not being sold for marketing purposes after settling a proposed class action lawsuit accusing the voice assistant of eavesdropping on iPhone Apple (AAPL) said Siri user data is not being sold for marketing purposes after settling a proposed class action lawsuit accusing the voice assistant of eavesdropping on iPhone and other Apple device users.Read more...",2025-01-09,-0.6369
2025-01-09 15:59:00+00:00,"Google joins Amazon, Meta, Tim Cook, and more in donating to Trump's inauguration In This Story
Google (GOOGL-0.79%
) is the latest technology giant to officially make a major donation to the group planning President-elect Donald Trumps inauguration, which is less than two weeks Google (GOOGL) is the latest technology giant to officially make a major donation to the group planning President-elect Donald Trump’s inauguration, which is less than two weeks away. Read more...",2025-01-09,0.1779
2025-01-09 20:15:58+00:00,"Top 2024 Tech Analysis On Forbes From Leading AI Investment Firm The world today was engineered to be ephemeral and noisy. This is a terrible combination for an investor.
On Twitter alone, there are 456,000 messages sent every minute. On Facebook, there are 510,0 I believe quality analysis particularly in the tech sector can be hard to find. I highlight top calls from my firm's Forbes analyses during a strong year for AI stocks...",2025-01-10,0.2732
2025-01-09 21:19:52+00:00,"Is Apple Inc. (AAPL) the Best Technology Stock to Invest In for the Long Term We recently compiled a list of the 12 Best Technology Stocks to Invest In for the Long Term. In this article, we are going to take a look at where Apple Inc. (NASDAQ:AAPL) stands against the other te We recently compiled a list of the 12 Best Technology Stocks to Invest In for the Long Term. In this article, we are going to take a look at where Apple Inc....",2025-01-10,0.9274
2025-01-10 10:00:00+00:00,"Zuckerberg goes full Trump, Musk cuts DOGE expectations, TikTok's day in court: Politics news roundup Mr. Trump is returning to Washington and tech giants dont want to miss out. 
Google and Microsoft have announced plans to donate $1 million to the committee planning President-elect Donald Trumps Ja Plus, Google and Microsoft join the horde of companies funding Trump's record-breaking inauguration",2025-01-10,0.0572
2025-01-10 11:21:53+00:00,Is Apple Inc. (AAPL) the Best Blue Chip Stock to Buy for 2025?  ,2025-01-10,0.6369
2025-01-10 12:00:10+00:00,"Stock Market Gains Flow Mostly To Handful Of Companies Growth is good. In another banner year for the stock market, large-cap growth funds gained 30% in 2024, with the Magnificent Seven powering the upside.
XNOW PLAYINGWhat Are The Magnificent Seven Sto Growth is good. In another banner year for the stock market, large-cap growth funds gained 30% in 2024, with the Magnificent Seven on fire.",2025-01-10,0.985
2025-01-10 13:48:28+00:00,"Dow Jones Slides 350 Points On Strong Jobs Report; Nvidia Tumbles On New AI Chip Limits The Dow Jones Industrial Average and other major indexes traded sharply lower Friday as Wall Street reacted to a stronger-than-expected December jobs report from the U.S. Labor Department. An early l Nvidia dropped on new AI chip limits, while chipmaker TSMC rallied on strong December sales.",2025-01-10,0.8126
2025-01-10 15:41:40+00:00,"Stock Market Today: Dow Jones Tumbles 500 Points, Bond Yields Spike After Hot Jobs Report (Live Coverage) Major stock indexes were down sharply in the stock market today after the December employment report came in stronger than expected. Insurer Travelers (TRV) lagged badly in the Dow Jones Industrial A A wave of selling hit the stock market today after job growth in December came in much stronger than expected.",2025-01-10,0.3612
2025-01-11 13:00:00+00:00,"Why your 401(k) may be breaking the first rule of investing Putting so many eggs in so few baskets is especially unwise now. - Getty Images
The stock-market boom in the so-called Magnificent Seven technology stocks is now exposing ordinary American investors Are you as diversified as you think?",2025-01-13,0.4215
2025-01-12 12:00:00+00:00,"Jobs Report: Bond Yields Rise And Stocks Fall The U.S. economy shows positive momentum, with robust job growth in last Friday's payrolls report. ... [+] The resilient growth removes almost any chance of another Federal Reserve rate cut soon.
ge Stocks and bonds declined in response to much better-than-expected job growth. This week's consumer inflation (CPI) report could further pressure yields.",2025-01-13,0.8813
2025-01-12 12:51:36+00:00,"Veteran fund manager issues stark S&P 500 warning for 2025 Make no mistake: this is the Age of the Magnificent Seven.The septet of tech high rollers, including Apple (AAPL) , Nvidia (NVDA) , Tesla (TSLA) and Amazon (AMZN) , has had a massive impact on the st Make no mistake: this is the Age of the Magnificent Seven.
The septet of tech high rollers, including Apple (AAPL) , Nvidia (NVDA) , Tesla (TSLA) and Amazon (AMZN) , has had a massive impact on the stock market.
Related: The 5 best performing stocks on the S&…",2025-01-13,0.9439
2025-01-12 13:30:00+00:00,"This ‘All-American’ Market Edge Could Send Your Dividends Soaring Vector flag of United States of America. Waving flag of USA, vector illustration. Bright colors
getty
You may have noticed that lately, the media is pumping out more stories on how the US economy a You may have noticed that lately, the media is pumping out more stories on how the US economy and stock markets are leading the world.",2025-01-13,0.6908
2025-01-13 05:15:39+00:00,"TSMC fourth-quarter profit seen jumping 58% amid strong AI chip demand TAIPEI (Reuters) - Taiwan Semiconductor Manufacturing Co, (TSM, 2330.TW) the main global producer of advanced chips used in artificial intelligence applications, is expected to report a 58% leap in f Taiwan Semiconductor Manufacturing Co, the main global producer of advanced chips used in artificial intelligence applications, is expected to report a 58...",2025-01-13,0.9313
2025-01-13 08:09:23+00:00,"When To Sell Stocks Knowing how to buy stocks correctly is crucial to learning how to make money in stocks. But understanding when to sell stocks and having the discipline to do it correctly is equally, if not more, imp To capture gains and avoid big losses, learn when to sell stocks using stock charts.",2025-01-13,-0.5023
2025-01-13 12:49:06+00:00,Is Apple Inc. (AAPL) the Best NASDAQ Stock to Buy in 2025?  ,2025-01-13,0.6369
2025-01-13 13:07:03+00:00,"Dow Jones Futures Extend Losses Ahead Of Inflation Data; Nvidia Triggers Sell Signal The Dow Jones Industrial Average and other major indexes traded lower Monday, continuing their slide in the wake of last week's heavy losses. An early loser on the stock market today was Nvidia (NVDA Nvidia stock triggered a sell signal below its latest buy point, while Lululemon rallied.",2025-01-13,-0.8612
2025-01-13 16:21:18+00:00,"Nvidia and other AI stocks are bleeding after Biden issued new AI rules In This Story
The stock market is in the red, with the tech-heavy Nasdaq plunging more than 1% on Monday morning as new regulatory measures introduced by President Biden have severely impacted artif The stock market is in the red, with the tech-heavy Nasdaq plunging more than 1% on Monday morning as new regulatory measures introduced by President Biden have severely impacted artificial intelligence (AI) stocks. These changes have raised concerns among in…",2025-01-14,-0.4404
2025-01-13 19:12:13+00:00,"Why Tech Stocks Are Dropping Monday Costfoto / NurPhoto via Getty Images
<ul> Technology stocks struggled across the board on Monday, including declines among all but one of the Magnificent 7 firms and a big hit to quantum computing...",2025-01-14,0.6858
2025-01-13 21:02:18+00:00,"Stock market today: Dow pops higher, tech weighs on Nasdaq as Treasury yields keep climbing Stocks closed mixed on Monday, with Big Tech names paring losses as the dollar and bond yields climbed amid fading hopes for interest rate cuts ahead of this week's key consumer inflation reports.
T Stocks are under pressure as strong data craters bets on the chances of Fed rate cuts.",2025-01-14,0.5267
2025-01-13 22:41:28+00:00,"Apple Stock Drops Amid Soft iPhone Sales, Zuckerberg Diss Apple (AAPL) stock continued its downward trajectory Monday on the latest reports of soft iPhone sales and brutal criticism of the company by Meta Platforms (META) Chief Executive Mark Zuckerberg.
C Apple stock continued its downward trajectory Monday on the latest reports of soft iPhone sales and brutal criticism by Mark Zuckerberg.",2025-01-14,-0.9325
2025-01-14 01:30:06+00:00,"Dow Jones Futures Rise: Nvidia, Palantir, Apple Slide; Donald Trump Stock Soars 21% Dow Jones futures, along with S&amp;P 500 futures and Nasdaq 100 futures, were higher ahead of Tuesday's open following Monday's stock market action.
Trump Media &amp; Technology (DJT) soared more t Trump Media & Technology soared, while KB Home was a big earnings mover late.",2025-01-14,0.0
2025-01-14 07:22:34+00:00,"Apple: High Valuation Makes No Sense Analysts Disclosure:I/we have a beneficial long position in the shares of GOOG, NVDA, AMZN either through stock ownership, options, or other derivatives. I wrote this article myself, and it expresses Apple's lack of iPhone revenue growth and disappointing new product launches are key issues. Read why cautious investors should avoid AAPL stock.",2025-01-14,-0.3818
2025-01-14 13:46:53+00:00,"TikTok Ban: China Reportedly Mulls Musk As A TikTok Buyer. What Would It Cost? With a TikTok ban looming, Chinese officials are reportedly mulling whether the app's U.S. operations could be sold to Elon Musk, who already owns social media platform X and is a key ally to Preside With the TikTok ban looming, Chinese officials are reportedly weighing whether to allow a sale of the app to Elon Musk.",2025-01-14,-0.8979
2025-01-14 19:05:50+00:00,Apple Inc. (AAPL)’s Struggle: Can AI Help Regain Market Share in 2025?  ,2025-01-15,0.3818
2025-01-15 16:35:00+00:00,"The U.S. wants to block China from TSMC's and Samsung's advanced chips In This Story
The outgoing Biden administration is introducing even more measures focused on keeping advanced chips out of China.
The new regulations reinforce and build upon previous U.S. export c The outgoing Biden administration is introducing even more measures focused on keeping advanced chips out of China.Read more...",2025-01-16,0.8822
2025-01-16 11:51:19+00:00,"Dow Jones Futures Fall, But Nvidia Chipmaker Taiwan Semiconductor Lifts Techs Dow Jones futures fell slightly early Thursday amid mixed UnitedHealth (UNH) results while S&amp;P 500 futures and Nasdaq futures rose as Nvidia chipmaker Taiwan Semiconductor (TSM) lifted techs.
Ba UnitedHealth dragged on the Dow after Wednesday's market rally.",2025-01-16,-0.0772
2025-01-16 11:53:49+00:00,"TSM Stock Jumps As Chip Foundry Tops Q4 Estimates On AI Chip Sales Taiwan Semiconductor Manufacturing (TSM), the world's largest contract chipmaker, on Thursday beat analyst estimates for the fourth quarter, thanks to strong sales of advanced chips for artificial in Taiwan Semiconductor Manufacturing beat analyst estimates for the fourth quarter, thanks to strong sales of AI chips. TSM stock surged.",2025-01-16,0.9493
2025-01-16 13:13:23+00:00,"Dow Jones Futures Fall Ahead Of Key Data; Nvidia Chipmaker Surges On Strong AI Chip Demand A day after a broad stock rally, the Dow Jones Industrial Average and other major indexes were mixed, as Wall Street awaited retail sales data and weekly unemployment claims ahead of the market open  Key earnings movers include TSMC, Bank of America, Morgan Stanley and UnitedHealth.",2025-01-16,-0.0516
2025-01-16 17:44:27+00:00,Is Apple Inc. (AAPL) the Best NASDAQ Dividend Stock to Buy?  ,2025-01-17,0.6369
2025-01-17 13:46:21+00:00,"Apple iPhone sales fell in all four quarters in China, Reuters reports https://www.tipranks.com/news/the-fly/apple-iphone-sales-fell-in-all-four-quarters-in-china-reuters-reports
Apples (AAPL) annual shipments in China declined 17% in 2024, with Huawei and Vivo overtak Apple’s (AAPL) annual shipments in China declined 17% in 2024, with Huawei and Vivo overtaking the iPhone maker in market share, Reuters’ Liam Mo and Brenda ...",2025-01-17,0.296
2025-01-17 14:31:05+00:00,"Stock market today: Dow, S&P, Nasdaq climb as techs and rate-cut hopes revive US stocks jumped on Friday amid a tech stock revival, as investors assessed a week of key data and earnings reports and eyed likely policy shifts under a Trump administration.
The Dow Jones Industri Investors are appraising Trump policies' likely impact on stocks on the last trading day before the inauguration.",2025-01-17,0.6369
2025-01-17 14:31:05+00:00,"Stock market today: Dow leads weekly stock market rally ahead of Trump inauguration US stocks jumped on Friday amid a tech stock revival as investors assessed a week of key data and earnings reports alongside potential policy shifts under a Trump administration.
The Dow Jones Indus Investors are appraising Trump policies' likely impact on stocks on the last trading day before the inauguration.",2025-01-17,0.0
2025-01-17 15:24:00+00:00,"TikTok ban is upheld by the Supreme Court as time is running out for the popular app In This Story
TikTok is likely seeing its final days in the U.S. after the Supreme Court on Friday upheld a law banning the social media app starting on Sunday if its Chinese parent company does not TikTok is likely seeing its final days in the U.S. after the Supreme Court on Friday upheld a law banning the social media app starting on Sunday if its Chinese parent company does not sell it.Read more...",2025-01-17,0.875
2025-01-17 16:06:05+00:00,"Stock Market Today: Dow Jones Rises; Nvidia Gains As Bitcoin Soars Past $104,000 On Trump Plans (Live Coverage) Stocks got off to a strong start Friday, the last trading day before President-elect Donald Trump takes office as the Dow Jones Industrial Average and other major indexes all headed for their best we Dow Jones and other indexes soared in the stock market today as investors await Inauguration Day on Monday. Bitcoin cleared $103,000.",2025-01-20,0.8934
2025-01-17 16:30:00+00:00,"Walgreens' digital doors looked cool but were a $200 million disaster In This Story
In a high-profile experiment, Walgreens (WBA+0.27%
) sought to modernize its stores by replacing traditional refrigerator doors with digital screens. The attempt failed.
The pharmacy In a high-profile experiment, Walgreens (WBA) sought to modernize its stores by replacing traditional refrigerator doors with digital screens. The attempt failed.Read more...",2025-01-20,-0.8873
2025-01-18 15:33:43+00:00,"Why Is Cliff Asness Bullish On Apple Inc. (AAPL)? We recently compiled a list of the 10 Best Stocks to Invest in According to Billionaire Cliff Asness. In this article, we are going to take a look at where Apple Inc. (NASDAQ:AAPL) stands against the We recently compiled a list of the 10 Best Stocks to Invest in According to Billionaire Cliff Asness. In this article, we are going to take a look at where...",2025-01-20,0.8555
2025-01-18 23:52:27+00:00,"Apple Inc. (AAPL): A Prime Investment with Strong Financials, AI Integration, and Groundbreaking Innovations in iOS and iPhone  ",2025-01-20,0.5106
2025-01-19 04:39:08+00:00,"TikTok goes dark as U.S. ban begins — but Trump waits in the wings In This Story
TikToks time is up in the U.S. at least for now. The popular social media app went dark late Saturday before a federal law to ban it took effect Sunday. But the possibility of at least TikTok’s time is up in the U.S. — at least for now. The popular social media app went dark late Saturday before a federal law to ban it took effect Sunday. But the possibility of at least a temporary reprieve from incoming President Donald Trump left TikTok’s…",2025-01-20,-0.6908
2025-01-19 12:00:00+00:00,"Stocks Await More Earnings After Strong Start And Better Inflation Last week, better bank earnings and friendly details within inflation data, sent stocks and bonds ... [+] higher. This week the focus will be on more fourth-quarter earnings and politics, with the Tr Better bank earnings and inflation readings sent bond and stock prices higher. Earnings and politics will likely have the most significant impact on markets this week.",2025-01-20,0.9513
2025-01-19 12:14:48+00:00,Why Is Apple Inc. (AAPL) Among Louis Navellier’s Top Long-term Stock Picks?  ,2025-01-20,0.2023
2025-01-20 15:46:31+00:00,Jim Cramer on Apple Inc. (AAPL): ‘Apple Wildcard To The Downside. It’s Kind Of A Two Of Clubs’  ,2025-01-20,-0.25
