publishedAt,title,trade_day,sentiment_score
2024-11-27 09:45:00+00:00,Trump’s return should favor growth stocks. Here are 10 with the most upside. Jefferies Global Head of Quantitative Desh Peramunetilleke expects the first half of Donald Trumps next term in the White House to favor growth stocks over value stocks. - MarketWatch photo illustrat Quantitative strategists at Jefferies expect Donald Trump’s return as president to enable a continued run for growth stocks; they suggest avoiding value as...,2024-11-27,0.9274
2024-11-27 17:51:52+00:00,"The best Black Friday laptop deals from Apple, Microsoft, Lenovo, ASUS and others  With many online retailers already rolling out their annual Black Friday sales, a number of the better laptop discounts we expect to see on the big day itself are available now. If you need a new notebook, we’ve researched the market, checked price histories …",2024-11-28,0.8126
2024-11-28 11:01:24+00:00,"Advanced Micro Devices (AMD) Accelerates AI Development: New ROCm Software Enhances GPU Performance Advanced Micro Devices (AMD) has released the latest version of its ROCm software stack for GPUs, which aims to provide better performance and scalability for AI and high-performance computing worklo We recently published a list of 15 AI News Updates Wall Street Is Monitoring. In this article, we are going to take a look at where Advanced Micro Devices...",2024-11-28,0.7845
2024-11-28 11:11:07+00:00,"AMD and Alphabet: Billionaire Steve Cohen Loads Up on 2 Big AI Stocks AI is booming, providing an important pillar of support for the stock markets substantial year-to-date gains. Put into numerical terms, the tech-heavy NASDAQ composite index, which features many of t AI is booming, providing an important pillar of support for the stock market’s substantial year-to-date gains. Put into numerical terms, the tech-heavy...",2024-11-28,0.9246
2024-11-28 12:55:16+00:00,"Black Friday gaming deals 2024: The best sales from Nintendo, PlayStation, Xbox, Meta Quest and others  This year’s Black Friday sales are once again a good time to restock on video games and gaming gear on the cheap. There’s still too many junky “discounts” out there to count, but if you’re looking to add some games to your backlog, pick up a new console or up…",2024-11-28,0.5499
2024-11-29 10:42:01+00:00,"Intel's annual median pay has been stagnant compared to peers like Nvidia and Microsoft Intel CEO Pat Gelsinger announced cost cuts to Intel earlier this year.I-HWA CHENG/ Getty Images
<ul><li>Intel's median employee pay rose 4% in five years, lagging behind other tech firms.</li><li>O Business Insider analyzed the average pay for employees at Big Tech companies and found that Intel lagged behind.",2024-11-29,-0.6369
2024-11-29 11:14:00+00:00,"Best Black Friday gaming laptop deals 2024: Record low prices on Alienware, Asus, and Acer When you buy through our links, Business Insider may earn an affiliate commission. Learn more
The holiday shopping season is in full swing with tons of Black Friday deals now available, including lo Our experts are keeping track of all the best Black Friday gaming laptop deals, including low prices on Nvidia RTX 40-series models.",2024-11-29,0.8473
2024-11-29 11:43:47+00:00,"Best Black Friday monitor deals: Up to 50% off displays for gaming, work, and entertainment When you buy through our links, Business Insider may earn an affiliate commission. Learn more
The best Black Friday monitor deals include big savings on displays for everyday use, office work, and g The best Black Friday monitor deals include gaming models from LG and Alienware, and productivity displays from Samsung and Dell.",2024-11-29,0.9492
2024-11-29 12:51:01+00:00,"Best Black Friday gaming deals: Save on Nintendo Switch bundles, Xbox consoles, PCs, and more When you buy through our links, Business Insider may earn an affiliate commission. Learn more
It's Black Friday, and that means it's time to save big on all kinds of products, including gaming gear. The best Black Friday gaming deals include big discounts on Xbox systems, gaming PCs, headsets, controllers, mice, and more",2024-11-29,0.9413
2024-11-29 14:00:13+00:00,"Best Black Friday laptop deals: Save hundreds on top Dell, Apple, and HP models When you buy through our links, Business Insider may earn an affiliate commission. Learn more
2024's Black Friday sale is finally here, and our tech experts are tracking the best Black Friday laptop The best Black Friday laptop deals include all-time low prices on laptops of all kinds, from budget to high-end models.",2024-11-29,0.9477
2024-11-29 18:04:36+00:00,"Best Black Friday deals 2024: We've checked thousands, here are 100 actually worth it When you buy through our links, Business Insider may earn an affiliate commission. Learn more
Tracking down the actual best Black Friday deals isn't for the faint-hearted or inexperienced. Good thin We've compared prices from the most reliable stores on our favorite products to bring you a curated selection. of the best Black Friday deals.",2024-12-02,0.9657
2024-11-30 08:07:09+00:00,"Why Veren Inc. (VRN) is One of the Best Canadian Stocks to Buy Under $10? Veren Inc. (VRN) is considered one of the best Canadian stocks to buy under $10 due to its strong potential for growth in the oil and gas industry. Despite a 24% decline in shares year-to-date, the c We recently published a list of the 10 Best Canadian Stocks to Buy Under $10. In this article, we are going to take a look at why Veren Inc. (NYSE:VRN) is...",2024-12-02,0.967
2024-11-30 08:09:20+00:00,"Why Denison Mines (DNN) is One of the Best Canadian Stocks to Buy Under $10? We recently published a list of the 10 Best Canadian Stocks to Buy Under $10. In this article, we are going to take a look at why Denison Mines Corp. (NYSE:DNN) is one of the best Canadian stocks to  We recently published a list of the 10 Best Canadian Stocks to Buy Under $10. In this article, we are going to take a look at why Denison Mines Corp...",2024-12-02,0.9571
2024-12-01 23:18:14+00:00,"175+ Cyber Monday deals live already: Tech, Apple, PS5, Dyson, TV, mattresses, clothing When you buy through our links, Business Insider may earn an affiliate commission. Learn more
The best Cyber Monday deals could be your last chance of the year to bag a bargain find across a broad r 2024's Cyber Monday deals are live on TVs, PS5, style, vacuums, mattresses, streaming, tech, Apple, and more.",2024-12-02,0.8062
2024-12-02 11:00:00+00:00,"Bezos Backs AI Chipmaker Vying With Nvidia at $2.6 Billion Value (Bloomberg) -- Amazon.com Inc. founder Jeff Bezos joined Samsung in a $700 million bet on Tenstorrent, valuing the AI chip startup with ambitions of taking on Nvidia Corp. at about $2.6 billion.
Mos (Bloomberg) -- Amazon.com Inc. founder Jeff Bezos joined Samsung in a $700 million bet on Tenstorrent, valuing the AI chip startup with ambitions of taking...",2024-12-02,0.7184
2024-12-02 13:23:17+00:00,"Jim Cramer’s Bullish Take on Robinhood (HOOD): Is It the Future of Investing? We recently published a list of Jim Cramer Is Talking About These 10 Stocks Heading Into December. In this article, we are going to take a look at where Robinhood Markets Inc (NASDAQ:HOOD) stands aga We recently published a list of Jim Cramer Is Talking About These 10 Stocks Heading Into December. In this article, we are going to take a look at where...",2024-12-02,0.0
2024-12-02 13:48:27+00:00,"Intel CEO Gelsinger retires; Zinsner and Johnston Holthaus named interim co-CEOs Intel CEO CEO Pat Gelsinger has retired, with David Zinsner and Michelle Johnston Holthaus named as interim Co-CEOs.
Gelsinger, whose career has spanned more than 40 years, also stepped down from th Intel CEO CEO Pat Gelsinger has retired, with David Zinsner and Michelle Johnston Holthaus named as interim Co-CEOs.  Intel said Monday that it will conduct ...",2024-12-02,0.0
2024-12-02 14:25:05+00:00,"Best Cyber Monday laptop deals: Up to 50% off Lenovo, Apple, and Dell When you buy through our links, Business Insider may earn an affiliate commission. Learn more
Cyber Monday is an excellent occasion for upgrading your tech, so if you're still operating with an old  Cyber Monday is the last chance shoppers have to score major savings on laptops from brands like Asus, Alienware, LG, and more.",2024-12-02,0.9081
2024-12-02 14:52:39+00:00,"Intel CEO Pat Gelsinger pushed out following tumultuous tenure leading the chip giant Intel (INTC) announced Monday that CEO Pat Gelsinger retired effective Dec. 1 and stepped down from the company's board of directors. Gelsinger led aggressive efforts to turn around the troubled US c Intel CEO Pat Gelsinger retired over the holiday weekend, leaving the tech giant with new leadership amid the pivotal AI transition.",2024-12-02,0.296
2024-12-02 15:57:12+00:00,Advanced Micro Devices (AMD) Gains Ground in AI Chip Race with Competitive Pricing and Major Cloud Partnerships  ,2024-12-02,0.6249
2024-12-02 16:00:11+00:00,"Best Cyber Monday gaming laptop deals 2024: All-time low prices on Alienware and Asus models When you buy through our links, Business Insider may earn an affiliate commission. Learn more
Cyber Monday has arrived with many fantastic discounts on tech products, including big savings on gaming We're rounding up all the best Cyber Monday gaming laptop deals, including big discounts on models with Nvidia RTX 40-series graphics cards.",2024-12-03,0.8979
2024-12-02 17:50:43+00:00,"Best Cyber Monday monitor deals: Up to 50% off displays for gaming and work When you buy through our links, Business Insider may earn an affiliate commission. Learn more
Cyber Monday is going strong, and there are tons of savings available on tech, including monitors for wo The best Cyber Monday monitor deals include big savings on top display models from brands like Alienware, LG, Samsung, and Asus.",2024-12-03,0.9432
2024-12-02 17:56:06+00:00,"Analyst Bullish on Salesforce (CRM) Ahead of Earnings <ul><li>Deutsche Bank has increased its price target for Salesforce Inc (NYSE:CRM) to $365 from $325, citing strong momentum in Data Cloud and high interest in Einstein 1 for Sales and Service clouds We recently published a list of Top 10 AI Stocks on Investors’ Radar These Days. In this article, we are going to take a look at where Salesforce Inc...",2024-12-03,0.8481
2024-12-02 18:13:09+00:00,"Intel CEO Pat Gelsinger Retires, Co-CEOs Named Intel Corp. (INTC, Financials) announced that co-CEOs David Zinsner and Michelle Johnston Holthaus would succeed Pat Gelsinger, who will retire on Dec. 1. Gelsinger also left Intel's board. INTC stoc Intel CEO Pat Gelsinger has retired, effective Dec. 1.",2024-12-03,0.743
2024-12-02 18:29:16+00:00,"Best Cyber Monday gaming deals: Save on Xbox consoles, Nintendo Switch bundles, and accessories When you buy through our links, Business Insider may earn an affiliate commission. Learn more
Whether you're a gamer or know one yourself, Cyber Monday's gaming deals are worth checking out for upgr The best Cyber Monday gaming deals include big discounts on consoles, controllers, and PC gear.",2024-12-03,0.926
2024-12-02 19:23:30+00:00,"Cyber Monday deals: Live updates on final discounts for Amazon, tech, style, home, mattresses When you buy through our links, Business Insider may earn an affiliate commission. Learn more
Time is running out on the best Cyber Monday deals as the huge sales event that started with Black Frida This is the final day, folks. Stick with us as we bring you live highlights of the best Cyber Monday deals you can still buy.",2024-12-03,0.9081
2024-12-02 21:49:50+00:00,"Analyst Points to ‘Unique Opportunity’ For Microsoft (MSFT) Search, Ads Business Amid Google Lawsuit We recently published a list of Top 10 AI Stocks on Investors Radar These Days. In this article, we are going to take a look at where Microsoft Corp (NASDAQ:MSFT) stands against other top AI stocks o We recently published a list of Top 10 AI Stocks on Investors’ Radar These Days. In this article, we are going to take a look at where Microsoft Corp...",2024-12-03,0.3612
2024-12-03 10:06:00+00:00,Billionaire Philippe Laffont Is Dumping Shares of Artificial Intelligence (AI) Leaders Nvidia and AMD in Favor of a Tasty Stock-Split Stock  ,2024-12-03,0.6908
2024-12-03 10:12:23+00:00,"US chips are 'no longer safe' to buy, Chinese industry bodies say By Eduardo Baptista
BEIJING (Reuters) -Chinese companies should be wary of buying U.S. chips as they are ""no longer safe"" and buy locally instead, four of the country's top industry associations sai BEIJING (Reuters) -Chinese companies should be wary of buying U.S. chips as they are ""no longer safe"" and buy locally instead, four of the country's top...",2024-12-03,0.8834
2024-12-03 13:00:39+00:00,"AMD history: Beyond the Ticker Over the past five decades, Advanced Micro Devices, or AMD (AMD), has become a staple of the tech industry.
Let's take a closer look at the semiconductor company's biggest moments with Beyond the Ti Over the past five decades, Advanced Micro Devices, or AMD (AMD), has become a staple of the tech industry. Let's take a closer look at the semiconductor...",2024-12-03,0.4588
2024-12-03 14:33:16+00:00,Advanced Micro Devices (AMD)’s Supercomputing Power Overtakes Nvidia (NVDA) – Can Its Stock Performance Too?  ,2024-12-03,0.25
2024-12-03 14:33:44+00:00,"Wall Street Analysts React to HP (HPQ) Earnings – Bulls Vs Bears We recently published a list of Top 10 AI Stocks on Investors Radar These Days. In this article, we are going to take a look at where HP Inc (NYSE:HPQ) stands against other top AI stocks on investors We recently published a list of Top 10 AI Stocks on Investors’ Radar These Days. In this article, we are going to take a look at where HP Inc (NYSE:HPQ...",2024-12-03,0.5267
2024-12-03 21:40:41+00:00,"Here's what Wall Street analysts say is ahead for Intel after CEO Pat Gelsinger's departure Intel stock dropped 6% Tuesday as investors reacted to the departure of the chip maker's CEO, and Wall Street analysts seem to think the company future remains uncertain. 
The stock dropped in Tuesd Intel stock dropped 6% on Tuesday as investors reacted to the CEO's departure. Wall Street analysts say there's more uncertainty ahead for the chip maker.",2024-12-04,-0.5984
2024-12-03 22:54:03+00:00,"Intel's next CEO needs to decide the fate of its chip fabs One central question has been hanging over Intel for months: Should the 56-year-old Silicon Valley legend separate its chip factories, or fabs, from the rest of the company?
Intel's departing CEO, P Intel's CEO exit reignites discussions on splitting off factories, with questions about financial recovery and CHIPS Act funding.",2024-12-04,0.0
2024-12-04 16:06:58+00:00,"Barron’s Analyst Predicts AI Shift from Training to Inference Could Impact NVIDIA Corporation (NVDA)’s GPU Dominance We recently compiled a list of the 12 Trending AI Stocks on Latest News and Ratings. In this article, we are going to take a look at where NVIDIA Corporation (NASDAQ:NVDA) stands against the other tr We recently compiled a list of the 12 Trending AI Stocks on Latest News and Ratings. In this article, we are going to take a look at where NVIDIA Corporation...",2024-12-05,0.2023
2024-12-04 21:42:18+00:00,"Intel Board Blasted For Handling Of CEO's Sudden Exit As Stock Falls Again Intel stock fell again Wednesday prompting an industry analyst to accuse the chipmaker's board of badly mishandling the sudden exit of CEO Pat Gelsinger.
The shares had rallied early Monday when new Intel stock fell again Wednesday prompting an industry analyst to accuse the chip giant's board of mishandling its CEO's sudden exit.",2024-12-05,-0.5423
2024-12-05 09:05:21+00:00,"TSMC in talks with Nvidia for AI chip production in Arizona, sources say​ TAIPEI/SINGAPORE (Reuters) - Taiwan Semiconductor Manufacturing Co (TSM, 2330.TW) is in discussions with Nvidia Corp (NVDA) to produce its Blackwell artificial intelligence chips at the contract manu Taiwan Semiconductor Manufacturing Co is in discussions with Nvidia Corp to produce its Blackwell artificial intelligence chips at the contract...",2024-12-05,0.7351
2024-12-05 15:00:13+00:00,AMD CEO Lisa Su Is Ready for the AI Spotlight  ,2024-12-05,0.3612
2024-12-05 18:24:05+00:00,"Advanced Micro Devices, Inc (AMD): Among 10 AI Stocks That Will Skyrocket We recently published a list of 10 AI Stocks That Will Skyrocket. In this article, we are going to take a look at where Advanced Micro Devices, Inc. (NASDAQ:AMD) stands against other AI stocks that w We recently published a list of 10 AI Stocks That Will Skyrocket. In this article, we are going to take a look at where Advanced Micro Devices, Inc...",2024-12-06,0.6124
2024-12-06 00:43:11+00:00,"Canadian Natural Resources (NYSE:CNQ) Among the Most Profitable Oil Stocks To Invest In Canadian Natural Resources (NYSE:CNQ) is one of the most profitable oil stocks to invest in, ranking 6th on the list of 8 most profitable oil stocks. The company has a diverse portfolio of assets, a  ​​We recently published a list of the 8 Most Profitable Oil Stocks To Invest In. In this article, we are going to take a look at why Canadian Natural...",2024-12-06,0.9637
2024-12-06 00:43:31+00:00,"EOG Resources, Inc. (NYSE:EOG) Among the Most Profitable Oil Stocks To Invest In EOG Resources, Inc. (NYSE:EOG) is considered one of the most profitable oil stocks to invest in, ranking 8th on the list. The company has a 5-year net income compound annual growth rate (CAGR) of 19. ​​We recently published a list of the 8 Most Profitable Oil Stocks To Invest In. In this article, we are going to take a look at why EOG Resources, Inc...",2024-12-06,0.9038
2024-12-06 00:44:38+00:00,"Occidental Petroleum Corporation (NYSE:OXY) Among the Most Profitable Oil Stocks To Buy Occidental Petroleum Corporation (NYSE:OXY) is one of the most profitable oil stocks to invest in, ranking 2nd on the list of 8 most profitable oil stocks. The company has a 5-year net income compoun ​​We recently published a list of the 8 Most Profitable Oil Stocks To Invest In. In this article, we are going to take a look at why Occidental Petroleum...",2024-12-06,0.9148
2024-12-06 19:52:43+00:00,"Amazon's AI chip executive tells BI why Nvidia is not a competitor, how Anthropic helps, and what AMD needs Gadi Hutt, AWS Annapurna Labs's senior director of customer and product engineeringAmazon
<ul><li>AWS launched new AI chips that compete with Nvidia's GPUs.</li><li>AWS says its goal is to provide m Amazon's AI chip strategy focuses on customer choice, not competing directly with Nvidia.",2024-12-09,0.4767
2024-12-06 19:59:58+00:00,"Amazon isn't seeing enough demand for AMD's AI chips to offer them via its cloud AWS logo at re:Invent 2024Noah Berger/Getty Images for Amazon Web Services
<ul><li>AWS has not committed to offering cloud access to AMD's AI chips in part due to low customer demand.</li><li>AWS sa AWS has not committed to offer access to AMD's AI chips. That's partly because cloud customers aren't asking for these components.",2024-12-09,-0.2401
2024-12-07 01:42:08+00:00,"AMD CEO Lisa Su says she never met her distant cousin Nvidia CEO Jensen Huang until later in their careers AMD CEO Lisa Su said in a recent interview that she never met Nvidia CEO Jensen Huang, her competitor and distant relative, until later in their careers.
""We were really distant, so we didn't grow u AMD CEO Lisa Su said she didn't grow up with her distant cousin Nvidia CEO Jensen Huang and that the two didn't meet until ""well in to their careers.""",2024-12-09,-0.2057
2024-12-07 06:35:57+00:00,"Advanced Micro Devices, Inc. (AMD) Highlights AI Strategy and Upcoming MI400 Launch at UBS Tech Conference, Targets Mid-2025 for ZT Systems Acquisition Closure  ",2024-12-09,0.25
2024-12-07 06:39:57+00:00,"Taiwan Semiconductor Manufacturing Company Limited (TSM) in Talks to Produce Nvidia Blackwell AI Chips at Arizona Plant, Expanding U.S. Operations <ul><li>Taiwan Semiconductor Manufacturing Company Limited (TSM) is in talks with Nvidia to produce Blackwell AI chips at its Arizona facility, set to begin volume production in 2025.</li><li>The Ari We recently compiled a list of the 12 AI News and Ratings Investors Probably Missed. In this article, we are going to take a look at where Taiwan...",2024-12-09,-0.6124
2024-12-09 14:02:10+00:00,"AMD Tumbles 2% Pre-Market After BofA Downgrade and AI Market Warnings Advanced Micro Devices (NASDAQ:AMD) just got a reality check from Bank of America. The firm downgraded the chipmaker from Buy to Neutral, slashed the price target from $180 to $155, and trimmed its 2 Bank of America slashes AMD's rating to ""Neutral,"" spotlighting NVIDIA's dominance and a potential PC market slowdown.",2024-12-09,-0.2732
2024-12-09 21:20:51+00:00,"AMD downgraded after BI report on weak demand for its AI chips among AWS customers AMD CEO Lisa SuSteve Marcus/Reuters
<ul><li>Bank of America downgraded AMD on Monday, citing higher competitive risk in the AI market.</li><li>AWS customers' low demand for AMD AI chips and Nvidia d Bank of America downgraded AMD on Monday, citing competitive risks in the AI market from Nvidia and low demand impacting growth potential.",2024-12-10,-0.7783
2024-12-09 21:23:08+00:00,Stocks Finish Near Day's Lows Amid Nvidia's Bad Day; Amazon Streak Ends As Hershey Sweetens (Live Coverage) The Dow Jones Industrial Average and the other major indexes finished trading near the day's lows weakened in the final hour of trading Monday. Amazon.com's (AMZN) winning streak came to an end while The Dow Jones and S&P 500 were little changed Monday. Nvidia stock sank on a China probe while Palantir popped on the stock market today.,2024-12-10,-0.5106
2024-12-09 22:02:00+00:00,"Momentum Stock AppLovin Tumbles After Getting Rejected AppLovin (APP) stock fell Monday after failing to get added to the S&amp;P 500 during the index's quarterly rebalancing. APP stock skidded nearly 15% on the news.
""The biggest momentum name in the m AppLovin stock fell Monday after failing to get added to the S&P 500 during the index's quarterly rebalancing.",2024-12-10,-0.872
2024-12-10 14:44:52+00:00,"AMD downgraded, PayPal upgraded: Wall Street’s top analyst calls The most talked about and market moving research calls around Wall Street are now in one place. Here are todays research calls that investors need to know, as compiled by The Fly.<li>BofA upgraded Pa The most talked about and market moving research calls around Wall Street are now in one place. Here are today’s research calls that investors need to know, ...",2024-12-10,0.2023
2024-12-10 15:29:59+00:00,"Dan Niles on Nvidia (NVDA): People Just Want to Believe ‘Santa Claus Rally’ We recently published a list of 10 Buzzing AI Stocks This Week. In this article, we are going to take a look at where Nvidia Corp (NASDAQ:NVDA) stands against other buzzing AI stocks this Week.
Paul We recently published a list of 10 Buzzing AI Stocks This Week. In this article, we are going to take a look at where Nvidia Corp (NASDAQ:NVDA) stands...",2024-12-10,0.0772
2024-12-10 16:09:29+00:00,"AppLovin Stock Pullback Called 'Buying Opportunity' A Wall Street analyst on Tuesday pounded the table for AppLovin (APP) stock after its sharp pullback on Monday, calling it a ""buying opportunity.""
Oppenheimer analyst Martin Yang reiterated his outp A Wall Street analyst on Tuesday pounded the table for AppLovin stock after its sharp pullback on Monday, calling it a ""buying opportunity.""",2024-12-11,0.8126
2024-12-10 20:42:47+00:00,"Qualcomm Stock Has Poor Ratings And A Downtrend. Here's A Bearish Strategy To Profit. Qualcomm (QCOM) is down 22% in the last six months and is below declining 50 and 200-day moving averages. Since stocks tend to trend and indexes are under some mild pressure, a move lower, or at best With some pressure on stocks you might be looking for some bearish strategies. The bear call spread offers defined risk and plenty of room to profit.",2024-12-11,0.0516
2024-12-11 13:00:52+00:00,"Analysts Predict These Will Be Next Year's Top 10 Stocks Missed out on this year's top S&amp;P 500 stocks? Analysts are already offering up their ideas on which stocks will rule in 2025.
XNOW PLAYINGBeating The Market: How To Find Outperforming StocksTen  Missed out on this year's top S&P 500 stocks? Analysts are already offering up their ideas on which stocks will rule in 2025.",2024-12-11,0.0926
2024-12-11 14:57:15+00:00,"Will the world's fastest supercomputer please stand up? TRITON Supercomputer at the University of MiamiT.J. Lievonen
<ul><li>Oracle and xAI love to flex the size of their GPU clusters.</li><li>It's getting hard to tell who has the most supercomputing pow It's getting harder to tell whose clusters are the biggest — and even harder to tell whose are the most powerful.",2024-12-11,0.8479
2024-12-11 17:26:55+00:00,"Jim Cramer on CVS Health Corp (CVS): ‘There Could Be One More Bad Quarter’ Jim Cramer believes CVS Health Corp (CVS) may have one more bad quarter due to rising competition in the pharmacy services segment from non-traditional retailers and new disruptors. Despite this, Cra We recently published a list of Jim Cramer’s December Portfolio: Top 10 Stocks to Watch. In this article, we are going to take a look at where CVS Health...",2024-12-12,-0.7774
2024-12-12 10:22:35+00:00,"NVIDIA Crushes Rivals: Secures Unprecedented 90% of GPU Market in Q3 2024 In a historic turn, Nvidia (NVDA, Financial) has once again taken the top spot, with a whopping 90% of the global GPU market share in Q3 2024. This dominance, says Jon Peddie Research (JPR) mascot, i AMD and Intel Struggle as NVIDIA Hits Historic GPU Market Share Domination",2024-12-12,0.4767
2024-12-12 15:33:26+00:00,"There's only 2 Magnificent 7 names this strategist likes for 2025 With some expecting a market correction in 2025, Harvest Portfolio Management CIO and Wall Street Beats partner Paul Meeks joins Brad Smith on Morning Brief to discuss his top stock picks for the new With some expecting a market correction in 2025, Harvest Portfolio Management CIO and Wall Street Beats partner Paul Meeks joins Brad Smith on Morning Brief ...",2024-12-12,0.8176
2024-12-13 13:15:42+00:00,"PlayStation 5 rereview: A smaller console with a bigger game library  With over 60 million PS5s sold, Sony is so far dominating this generation of game consoles. Four years since the PlayStation 5 debuted, the company has rounded out its gaming lineup with the refined PS5 Slim (both with and without a disc drive) and the more p…",2024-12-13,-0.3566
2024-12-13 16:54:56+00:00,"Why AMD Is a Much Stronger Investment than Intel (INTC) I used to be bullish on semiconductor designer and manufacturer Intel (INTC), but following the boards decision to remove the CEO, Im left uncertain about the companys future. Instead, semiconductor  I used to be bullish on semiconductor designer and manufacturer Intel (INTC), but following the board’s decision to remove the CEO, I’m left uncertain about ...",2024-12-16,-0.5859
2024-12-13 18:47:00+00:00,Liquid AI closes $250 million early-stage funding round led by AMD  ,2024-12-16,0.0
2024-12-13 19:28:27+00:00,"Exclusive-Major cloud providers could get key role in AI chip access outside the US - sources Yahoo is using AI to generate takeaways from this article. This means the info may not always match what's in the article. Reporting mistakes helps us improve the experience.Generate Key Takeaways
B In its latest jab at Beijing, the U.S. will empower companies like Google and Microsoft to act as gatekeepers worldwide for highly sought-after access to AI ...",2024-12-16,0.6705
2024-12-14 14:07:00+00:00,Prediction: AMD Stock Will Soar Over the Next 8 Years. Here's 1 Reason Why.  ,2024-12-16,0.0
2024-12-14 22:00:00+00:00,Better Artificial Intelligence Stock: AMD vs. Marvell Technology  ,2024-12-16,0.7184
2024-12-16 19:48:03+00:00,"10 business leaders who spearheaded industry-transforming change in 2024 From Left: Cathy Engelbert, Leon Sinclair, Jensen Huang, Fei Fei Li, and Arthur SadounTom Williams/Getty Images; Greg Sandoval; Alyssa Powell/BI
Innovation and business go hand in hand — and that's  Learn about business leaders like the WNBA's Cathy Engelbert and Amazon's Mike Hopkins who are innovating in their sectors.",2024-12-17,0.8885
2024-12-16 22:38:10+00:00,"Jim Cramer on Advanced Micro Devices, Inc. (AMD): ‘I Think It’s A Buy Ahead Of The Meeting’ We recently compiled a list of the Jim Cramer's Bold Predictions About These 15 Tech Stocks. In this article, we are going to take a look at where Advanced Micro Devices, Inc. (NASDAQ:AMD) stands aga We recently compiled a list of the Jim Cramer’s Bold Predictions About These 15 Tech Stocks. In this article, we are going to take a look at where Advanced...",2024-12-17,0.8481
2024-12-17 11:20:00+00:00,Intel Goes After Nvidia and AMD Again With New Graphics Cards  ,2024-12-17,0.0
2024-12-17 12:15:28+00:00,"The Morning After: What to expect at CES 2025  The holidays haven’t even kicked off, but we’re already looking to next year when, almost immediately, some of the Engadget team will head to Las Vegas for tech’s biggest annual conference. The pitches from companies, both legit and unhinged, are already fill…",2024-12-17,0.2023
2024-12-18 11:00:15+00:00,"Nvidia's Blackwell chip could push the company into a new stratosphere as the AI revolution continues Nvidia stock (NVDA) is on pace for a comfortable triple-digit percentage gain again in 2024, after a nearly 240% surge in 2023.
This year's rise is due in no small part to a product that wasnt even  Nvidia's Blackwell chip has taken the world by storm. For that reason, Yahoo Finance has selected Blackwell as its 2024 Product of the Year.",2024-12-18,0.6705
2024-12-18 15:02:38+00:00,"AMD Retains ""Moderate Buy"" Consensus with $192 Average Price Target Morgan Stanley reiterates its 'Moderate Buy' on Advanced Micro Devices (AMD, Financial) stock after announcing a leveraged buyout with Nvidia Corp (NVDA, Financial). Of these, 26 analysts recommend a Morgan Stanley reiterates its 'Moderate Buy' on Advanced Micro Devices (AMD, Financial) stock after announcing a leveraged buyout with Nvidia Corp (NVDA...",2024-12-18,0.6705
2024-12-18 18:32:00+00:00,"Huawei looks set to launch a new server chip with HBM technology to challenge Xeon and Epyc; yes, that's the same memory powering AI GPUs from Nvidia and AMD  ",2024-12-19,0.4588
2024-12-19 18:38:30+00:00,"Is Taiwan Semiconductor (TSM) the Best Growth Stock to Invest in Now? We recently published a list of the 10 Best Growth Stocks To Invest In Now. In this article, we are going to take a look at where Taiwan Semiconductor Manufacturing Company Limited (NYSE:TSM) stands  We recently published a list of the 10 Best Growth Stocks To Invest In Now. In this article, we are going to take a look at where Taiwan Semiconductor...",2024-12-20,0.9612
2024-12-20 03:11:53+00:00,"Advanced Micro Devices (AMD) Among the Best Growth Stock to Invest in Now Advanced Micro Devices (AMD) is among the top growth stocks to invest in now, ranking 9th on the list. The company's strong financial results, with 18% year-over-year revenue growth in Q3 2024, and i We recently published a list of the 10 Best Growth Stocks To Invest In Now. In this article, we are going to take a look at where Advanced Micro Devices, Inc...",2024-12-20,0.9796
2024-12-20 13:00:18+00:00,"How innovation died at Intel: America's only leading-edge chip manufacturer faces an uncertain future and lawsuits Intel's (INTC) fall from grace seemed to happen all at once. Shares of the once iconic chipmaker plummeted 60% in 2024. The company posted the biggest loss in its 56-year history in its latest quarte Amid struggles to turn itself around, exclusive interviews with Intel executives and industry analysts reveal missed opportunities, poor decision making, and...",2024-12-20,-0.7003
2024-12-20 13:48:36+00:00,"Stock market today: Dow, S&P 500, Nasdaq futures sell-off as government shutdown looms, inflation data improves but still sticky US stock futures pointed to another rough day on Wall Street Friday after the House of Representatives voted against a Trump-backed spending bill, further increasing the odds of a US government shutd Stocks signaled another rough day of trading on Friday after the House of Representatives voted against a Trump-backed spending bill.",2024-12-20,0.1531
2024-12-20 16:02:38+00:00,"Advanced Micro Devices (AMD) Co-Leads $3.5 Billion Financing Round for Vultr to Boost AI and Cloud Infrastructure We recently published a list of 10 AI News That Broke the Internet. In this article, we are going to take a look at where Advanced Micro Devices, Inc. (NASDAQ:AMD) stands against other AI news that b We recently published a list of 10 AI News That Broke the Internet. In this article, we are going to take a look at where Advanced Micro Devices, Inc...",2024-12-23,0.2732
2024-12-20 16:56:01+00:00,"CES 2025: The new tech we're expecting to see in Las Vegas from AMD, NVIDIA, Hyundai and more  The holiday season has barely begun, but some of us are already getting ready for CES 2025. Shortly after New Year’s Day, many from the Engadget team will be packing our bags to fly to Las Vegas, where we’ll be covering tech’s biggest annual conference. As us…",2024-12-23,0.6415
2024-12-20 18:52:06+00:00,"Nvidia, AI Chip Stocks Get Lift From Bullish Morgan Stanley Report Investment bank Morgan Stanley on Friday issued a bullish report on artificial intelligence chipmakers, calling Nvidia (NVDA) stock a top pick for 2025.
The firm also raised its price targets on AI  Morgan Stanley on Friday issued a bullish report on artificial intelligence chipmakers, calling Nvidia stock a top pick for 2025.",2024-12-23,0.8316
2024-12-20 20:00:47+00:00,"Intel Arc B580 review: The new king of $250 GPUs (for now)  When Intel debuted its first Arc video cards two years ago, I was more than a little skeptical. Could a company that famously gave up on its last major desktop GPU project in 2009 actually make a dent in a market dominated by NVIDIA and AMD? Well, when I revi…",2024-12-23,0.024
2024-12-21 09:22:00+00:00,Better Artificial Intelligence Stock: Wolfspeed vs. AMD  ,2024-12-23,0.7184
2024-12-23 16:33:11+00:00,Rosenblatt Picks AMD and Meta as Top Stocks for 2025 Amid AI Growth  ,2024-12-24,0.5267
2024-12-23 19:07:11+00:00,AMD and Micron Are Top Analyst Picks for AI and Next-Gen Tech Growth  ,2024-12-24,0.5267
2024-12-23 21:19:07+00:00,"Broadcom, AMD Lead Chip Stocks Higher Monday on Anticipation of AI-Driven Gains  ",2024-12-24,0.4215
2024-12-24 10:33:49+00:00,"Analyst: ‘Dollars Are Flowing’ Into Nvidia, Not Advanced Micro Devices (AMD)  ",2024-12-24,-0.1877
2024-12-24 10:52:43+00:00,"Elon Musk's xAI raises $6 billion in fresh funding: 'We are gonna need a bigger compute!' Elon Musk's xAI raised $6 billion in its Series C funding round.Steve Granitz/FilmMagic via Getty Images
<ul><li>Elon Musk's xAI raised $6 billion in its Series C fundraising, the startup announced  Elon Musk's xAI, the startup behind the Grok chatbot and Colossus supercomputer, raised $6 billion in a Series C funding round.",2024-12-24,0.3802
2024-12-24 11:00:47+00:00,"Nvidia dominated 2024 big-time. Next year? Plenty of challenges. Nvidia (NVDA) has had the kind of year most companies can only dream of.
Its revenue and stock price soared thanks to prescient investments in artificial intelligence technologies that are paying of Nvidia dominated 2024, and 2025 is looking just as good. But there's turbulence on the horizon.",2024-12-24,0.6808
2024-12-24 12:04:45+00:00,"Biden administration announces new Chinese chips probe, Semiconductor stocks gain Investing.com -- U.S. semiconductor stocks mostly edged higher in premarket trading on Tuesday after the Biden administration launched a new trade investigation into Chinese-made legacy semiconductor Investing.com -- U.S. semiconductor stocks mostly edged higher in premarket trading on Tuesday after the Biden administration launched a new trade investigation into Chinese-made legacy semiconductors.",2024-12-24,0.6597
2024-12-24 16:31:34+00:00,"The Marvell (MRVL) Pivot: Why Now Is the Time to Invest Marvell Technology is being touted as the third largest AI chipmaker after Nvidia (NASDAQ:NVDA) and Broadcom (NASDAQ:AVGO). To give readers a context of what the company does, heres how it stands in  Marvell Technology is being touted as the third largest AI chipmaker after Nvidia (NASDAQ:NVDA) and Broadcom (NASDAQ:AVGO). To give readers a context of what...",2024-12-25,-0.1027
2024-12-25 13:15:00+00:00,Should You Buy the Dip in AMD Stock?  ,2024-12-25,0.0
2024-12-25 20:00:00+00:00,Can Qualcomm compete with AMD and Intel in the desktop CPU space in 2025?  ,2024-12-26,0.0
2024-12-26 14:45:01+00:00,"Internal document: AWS has planned lower spending on ZT Systems, a data center gear maker being acquired by AMD AWS CEO Matt GarmanAmazon
<ul><li>AWS plans to reduce spending on ZT Systems as it designs more data center gear in-house.</li><li>AWS has been designing more data center components itself to improv AWS is designing more hardware in-house as it looks for opportunities to enhance data center efficiency and reduce costs.",2024-12-26,0.4404
2024-12-26 16:03:00+00:00,Chinese competitor to AMD and Intel claims its 32-core processor is as powerful as a 2021 Intel Xeon 32-core 'Ice Lake' CPU; a 64-core version is expected to be launched in 2025  ,2024-12-27,0.5106
2024-12-26 18:00:15+00:00,"Tech's biggest winners in 2024  In recent years, reflecting on the past 12 months has seemed to bring back nothing but woe. Surprisingly, though, 2024 saw a higher number of candidates for good things in tech than bad. In spite of the continued AI onslaught, widespread dissatisfaction and w…",2024-12-27,-0.8241
