publishedAt,title
2024-11-21 19:45:03+00:00,"Nvidia Shares Dip as Q3 Results Beat Expectations, but Guidance Disappoints After reporting fiscal third-quarter earnings that topped expectations, Nvidia (NVDA, Financials) shares dipped in extended trading on Wednesday; investors wanted more action from the chip giant.
Nv Nvidia noted that demand for Blackwell chips will exceed supply for several quarters into fiscal 2026"
2024-11-21 19:46:27+00:00,Intel Corporation (INTC) Secures Major Grants Amid US Push to Boost Chip Production  
2024-11-25 09:15:29+00:00,"Intel Corporation (INTC) to Sell Folsom Campus as Part of Cost-Cutting Amid Struggles to Regain Chip Leadership We recently compiled a list of the 14 AI Stocks on Wall Street's Radar. In this article, we are going to take a look at where Intel Corporation (NASDAQ:INTC) stands against the other AI stocks that a We recently compiled a list of the 14 AI Stocks on Wall Street’s Radar. In this article, we are going to take a look at where Intel Corporation (NASDAQ:INTC)..."
2024-11-25 15:40:00+00:00,"US Government to Trim Intel Chips Funds: Will it Hurt INTC Stock? <ul><li>The US government is considering reducing Intel's federal chips grant under the CHIPS and Science Act from $8.5 billion to less than $8 billion, reportedly due to Intel's $3 billion contract  With the government deciding to reduce the funding, it appears Intel has fallen down the pecking order."
2024-11-27 15:03:57+00:00,"49-Year-Old Makes $5,180 a Month in Dividends With 'Helps Me Sleep at Night' Portfolio – Top 10 Stocks You Can't Miss Benzinga and Yahoo Finance LLC may earn commission or revenue on some items through the links below.Investors invest in dividends to increase wealth and balance out their growth portfolios to hedge a Investors invest in dividends to increase wealth and balance out their growth portfolios to hedge against risks. Dividend stocks have proved their mettle..."
2024-11-28 13:36:31+00:00,Intel (INTC) Faces Uncertainty: QUALCOMM Walks Away from Acquisition Deal  
2024-12-02 14:00:14+00:00,"Intel CEO Pat Gelsinger retires after tumultuous tenure leading the chip giant Intel (INTC) announced Monday that CEO Pat Gelsinger retired on Sunday, stepping down from his post leading the company and a spot on the company's board of directors.
Gelsinger joined the company i Intel CEO Pat Gelsinger retired over the holiday weekend, leaving the tech giant with new leadership amid the pivotal AI transition."
2024-12-02 14:16:07+00:00,"Intel just ousted CEO Pat Gelsinger as it struggles to compete in the AI era Yahoo is using AI to generate takeaways from this article. This means the info may not always match what's in the article. Reporting mistakes helps us improve the experience.Generate Key Takeaways
I Intel (INTC) announced Monday that chief executive officer Pat Gelsinger is retiring from the company and has stepped down from its board of directors."
2024-12-02 14:52:39+00:00,"Intel CEO Pat Gelsinger pushed out following tumultuous tenure leading the chip giant Intel (INTC) announced Monday that CEO Pat Gelsinger retired effective Dec. 1 and stepped down from the company's board of directors. Gelsinger led aggressive efforts to turn around the troubled US c Intel CEO Pat Gelsinger retired over the holiday weekend, leaving the tech giant with new leadership amid the pivotal AI transition."
2024-12-02 18:13:09+00:00,"Intel CEO Pat Gelsinger Retires, Co-CEOs Named Intel Corp. (INTC, Financials) announced that co-CEOs David Zinsner and Michelle Johnston Holthaus would succeed Pat Gelsinger, who will retire on Dec. 1. Gelsinger also left Intel's board. INTC stoc Intel CEO Pat Gelsinger has retired, effective Dec. 1."
2024-12-02 19:07:32+00:00,"A record number of CEOs are heading for the exits — here's why The end of the holiday weekend added two fresh examples of a historic shift on Wall Street: More CEOs than ever are heading for the exits. Over the past 24 hours, the leaders of chipmaker Intel (INTC More exacting boards, a winner-take-all market, and higher capital costs are making it harder for CEOs to keep their jobs."
2024-12-03 11:00:20+00:00,"Pat Gelsinger and Carlos Tavares had the same big problem: Morning Brief This is The Takeaway from today's Morning Brief, which you can sign up to receive in your inbox every morning along with:
<ul><li>The chart of the day
</li><li>What we're watching
</li><li>What we So far, 2024 is pacing to have a record number of CEOs out of a job. This week, two big ones — from Intel and Stellantis — illustrated a key point: It's hard..."
2024-12-03 11:56:55+00:00,"Stock market today: S&P 500, Nasdaq futures hold just short of records with JOLTS on deck US stock futures drifted near all-time highs on Tuesday as investors waited for fresh jobs data and Fedspeak to cement or dent growing hopes for interest-rate cuts.
Futures on the S&amp;P 500 (ES=F) The focus is on JOLTS jobs data and Fedspeak to cement or dent growing hopes for interest-rate cuts."
2024-12-03 13:00:39+00:00,"AMD history: Beyond the Ticker Over the past five decades, Advanced Micro Devices, or AMD (AMD), has become a staple of the tech industry.
Let's take a closer look at the semiconductor company's biggest moments with Beyond the Ti Over the past five decades, Advanced Micro Devices, or AMD (AMD), has become a staple of the tech industry. Let's take a closer look at the semiconductor..."
2024-12-03 14:35:48+00:00,"Stock market today: S&P 500, Nasdaq drift near record levels with JOLTS data on deck US stocks drifted near all-time highs on Tuesday as investors waited for fresh jobs data and Fedspeak to cement or dent growing hopes for future interest rate cuts.
The S&amp;P 500 (^GSPC) and the t The focus is on JOLTS jobs data and Fedspeak to cement or dent growing hopes for interest-rate cuts."
2024-12-03 16:23:05+00:00,"Stock market today: Dow, S&P 500 slip after key jobs data shows surprise rebound in openings US stocks traded mixed on Tuesday as investors digested fresh jobs data and waited for new Fedspeak to cement or dent growing hopes for future interest rate cuts.
The S&amp;P 500 (^GSPC) fell about  The focus is on JOLTS jobs data and Fedspeak will cement or dent growing hopes for interest rate cuts."
2024-12-03 16:23:05+00:00,"Stock market today: Nasdaq drifts near records while S&P 500, Dow fall following key jobs data US stocks traded mixed on Tuesday as investors digested fresh jobs data and waited for new Fedspeak to cement or dent growing hopes for future interest rate cuts.
The S&amp;P 500 (^GSPC) fell about  The focus is on JOLTS jobs data and Fedspeak will cement or dent growing hopes for interest rate cuts."
2024-12-03 18:18:21+00:00,"Intel should leave the foundry business: Analyst on CEO departure Intel (INTC) CEO Pat Gelsinger suddenly retired from his chief executive role at the chipmaker over the weekend. Gelsinger began working at Intel as its chief architect in the 1980s, going on to act  Intel (INTC) CEO Pat Gelsinger suddenly retired from his chief executive role at the chipmaker over the weekend. Gelsinger began working at Intel as its..."
2024-12-04 19:42:27+00:00,"Intel’s CEO shakeup puts foundry plans, CHIPS Act cash at risk Intel (INTC) is in crisis. The company forced out CEO Pat Gelsinger on Monday, its stock price is down more than 50% on the year, and the grand plan to add third-party semiconductor manufacturing to  Intel's CHIPS Act funding could disappear if the company ditches its plans to expand its manufacturing footprint."
2024-12-05 13:00:18+00:00,"Investors Lose $383.2 Billion On These 10 Giant Losers This Year Everyone wants to talk about their big S&amp;P 500 winners this year. Don't expect to hear much about their losers.
XNOW PLAYINGBeating The Market: How To Find Outperforming StocksBut there are plen Everyone wants to talk about their big S&P 500 winners this year. Don't expect to hear much about their losers."
2024-12-05 21:29:47+00:00,"Apple shares hit new all-time intraday and closing highs In Nasdaq trading today, shares of Apple Inc. (AAPL) rose $0.03, or 0.01%, to $243.04, a new all-time closing high. Apple’s intraday high was also set today at $244.54.
Apples 52-week low stands at  In Nasdaq trading today, shares of Apple Inc. rose to hit a new all-time closing high. Apple’s all-time intraday high was set on…
The post Apple shares hit new all-time intraday and closing highs appeared first on MacDailyNews."
2024-12-06 07:03:00+00:00,"IntelがASMLの元CEOとマイクロチップ・テクノロジーの暫定CEOを取締役会に追加、前CEOは一体何を間違えたのか？ 2024125IntelASMLCEOCEO
Intel Appoints Semiconductor Leaders Eric Meurice and Steve Sanghi to Board of Directors :: Intel Corporation (INTC)
https://www.intc.com/news-events/press-releases/detail/17 2024年12月5日、IntelはASML社の元会長・元CEOであるエリック・モーリス氏と、マイクロチップ・テクノロジー社の会長兼暫定CEOであるスティーブ・サンギ氏を取締役に任命したと発表しました。Intel Appoints Semiconductor Leaders Eric Meurice and Steve Sanghi to Board of Directors :: Intel Corporation (INTC)https://www.intc.com/news-events/press-rele…"
2024-12-06 10:45:28+00:00,"These 2 Chip Stocks Are Set to Capitalize on Intel's CEO Crisis Investors don't seem to know what to do with Intel's (NASDAQ: INTC) recent CEO announcement.The ailing chipmaker issued a press release before markets opened on Monday saying that CEO Pat Gelsinger,  Investors don't seem to know what to do with Intel's (NASDAQ: INTC) recent CEO announcement.
The ailing chipmaker issued a press release before markets opened on Monday saying that CEO Pat Gelsinger, who had run the company for nearly four years, retired effe…"
2024-12-06 17:11:15+00:00,"Intel Shakes Up Board With ASML And Microchip Technology Veterans Amid CEO Transition Intel Corporation INTC has appointed semiconductor industry veterans Eric Meurice and Steve Sanghi to its board of directors, the company announced Thursday, as it navigates through significant leade Intel Corporation INTC has appointed semiconductor industry veterans Eric Meurice and Steve Sanghi to its board of directors, the company announced Thursday, as it navigates through significant leadership transitions and market challenges.
What Happened: The …"
2024-12-06 18:21:13+00:00,Intel Corp (INTC) CEO Exit Signals Uncertain Future Amid Ongoing Structural Challenges  
2024-12-06 20:18:50+00:00,"In ousters at Intel and Stellantis, the boards were at fault for acting too late Gus Carlson is a U.S.-based columnist for The Globe and Mail.If there is anything surprising about the high-profile departures of CEOs at Intel INTC-Q and Stellantis STLA-N this week, it isnt that th Gus Carlson is a U.S.-based columnist for The Globe and Mail.
If there is anything surprising about the high-profile departures of CEOs at Intel INTC-Q and Stellantis STLA-N this week, it isn’t that they were sent packing – it’s that it took their boards so l…"
2024-12-06 21:40:09+00:00,"Apple shares hit new all-time intraday high In Nasdaq trading today, shares of Apple Inc. (AAPL) declined $0.20, or 0.01%, to close at $242.84. During the session, Apple set a new all-time intraday high of $244.63.
Apples 52-week low stands a In Nasdaq trading today, shares of Apple Inc. rose to hit a new all-time closing high. Apple’s all-time intraday high…
The post Apple shares hit new all-time intraday high appeared first on MacDailyNews."
2024-12-07 07:55:04+00:00,"Intel Co. (NASDAQ:INTC) Receives $30.04 Consensus Target Price from Analysts Intel Co. (NASDAQ:INTC – Get Free Report) has received a consensus rating of “Reduce” from the thirty-one brokerages that are currently covering the stock, Marketbeat Ratings reports. Five equities r Intel Co. (NASDAQ:INTC – Get Free Report) has received a consensus rating of “Reduce” from the thirty-one brokerages that are currently covering the stock, Marketbeat Ratings reports. Five equities research analysts have rated the stock with a sell rating, tw…"
2024-12-09 11:10:44+00:00,"Intel should have focused on AI rather than chipmaking, TSMC founder says According to Morris Chang, the founder of Taiwan Semiconductor Manufacturing Co, Intel should have focused on artificial intelligence instead of trying to become a contract chipmaker. Chang made this Intel should have focused on artificial intelligence rather than trying to become a contract chipmaker, the founder of Taiwan Semiconductor Manufacturing Co ..."
2024-12-09 13:24:00+00:00,"Apple, Nvidia, and Microsoft are America's best-managed companies right now, report says In This Story
Apple (AAPL-0.08%
) is the best-managed company in the U.S., according to a new ranking by The Wall Street Journal.
Of 250 companies, Nvidia (NVDA-1.81%
) came in second, followed b Apple (AAPL) is the best-managed company in the U.S., according to a new ranking by The Wall Street Journal.Read more..."
2024-12-09 21:18:48+00:00,"Apple shares hit new all-time intraday and closing highs In Nasdaq trading today, shares of Apple Inc. (AAPL) rose $3.91, or 1.61%, to $246.75, a new all-time closing high. Apple’s intraday high was also set today at $247.24.
Apples 52-week low stands at  In Nasdaq trading today, shares of Apple Inc. rose to hit a new all-time closing high. Apple’s all-time intraday high was set…
The post Apple shares hit new all-time intraday and closing highs appeared first on MacDailyNews."
2024-12-10 00:01:07+00:00,Intel Corporation (INTC): A Bull Case Theory  
2024-12-10 15:59:22+00:00,"Nvidia Rebounds From Key Level After China Probe Scare, Buy Point Still In Play; Is Nvidia A Buy Now? Nvidia (NVDA) rattled investors Monday after news of an antimonopoly probe by Chinese regulators. But the stock found support at the 50 day moving average and is rebounding on Tuesday. That means tha Nvidia stock rebounded from the 50-day moving average after falling over 2% amid news of a China probe on Monday."
2024-12-10 17:01:03+00:00,"Google stock pops as company unveils new quantum chip Google's stock rose 4% after the company announced a breakthrough in quantum computing with its new chip, Willow, which can solve complex mathematical equations much faster than classical supercomput Google said that a math equation that would take a classical supercomputer longer than the whole history of the universe to solve takes only five minutes using a quantum computer powered by its new chip Willow."
2024-12-10 21:20:30+00:00,"Apple shares hit new all-time intraday and closing highs In Nasdaq trading today, shares of Apple Inc. (AAPL) rose $1.02, or 0.41%, to $247.77, a new all-time closing high. Apple’s intraday high was also set today at $248.21.
Apples 52-week low stands at  In Nasdaq trading today, shares of Apple Inc. rose to hit a new all-time closing high. Apple’s all-time intraday high was set…
The post Apple shares hit new all-time intraday and closing highs appeared first on MacDailyNews."
2024-12-12 10:22:35+00:00,"NVIDIA Crushes Rivals: Secures Unprecedented 90% of GPU Market in Q3 2024 In a historic turn, Nvidia (NVDA, Financial) has once again taken the top spot, with a whopping 90% of the global GPU market share in Q3 2024. This dominance, says Jon Peddie Research (JPR) mascot, i AMD and Intel Struggle as NVIDIA Hits Historic GPU Market Share Domination"
2024-12-12 21:20:55+00:00,"Apple shares hit new all-time closing high In Nasdaq trading today, shares of Apple Inc. (AAPL) rose $1.47, or 0.60%, to $247.96, a new all-time closing high. Apple’s intraday high was set on December 11, 2024 at $250.80.
Apples 52-week low  In Nasdaq trading today, shares of Apple Inc. rose to hit a new all-time closing high. Apple’s all-time intraday high was set…
The post Apple shares hit new all-time closing high appeared first on MacDailyNews."
2024-12-13 00:19:26+00:00,"Intel's CEO Was Ousted Leaving The West In Dire Need Of Foundry Fortification (Rating Downgrade) Analysts Disclosure:I/we have no stock, option or similar derivative position in any of the companies mentioned, and no plans to initiate any such positions within the next 72 hours. I wrote this art Examine Intel's challenges, including the resignation of its CEO and the potential sale of Intel Foundry Services. Learn more about INTC stock here."
2024-12-13 07:56:44+00:00,"Equities Analysts Set Expectations for Intel Q2 Earnings Intel Co. (NASDAQ:INTC – Free Report) – Zacks Research decreased their Q2 2026 earnings per share estimates for Intel in a report released on Monday, December 9th. Zacks Research analyst R. Departmen Intel Co. (NASDAQ:INTC – Free Report) – Zacks Research decreased their Q2 2026 earnings per share estimates for Intel in a report released on Monday, December 9th. Zacks Research analyst R. Department now anticipates that the chip maker will post earnings per…"
2024-12-13 16:54:56+00:00,"Why AMD Is a Much Stronger Investment than Intel (INTC) I used to be bullish on semiconductor designer and manufacturer Intel (INTC), but following the boards decision to remove the CEO, Im left uncertain about the companys future. Instead, semiconductor  I used to be bullish on semiconductor designer and manufacturer Intel (INTC), but following the board’s decision to remove the CEO, I’m left uncertain about ..."
2024-12-13 17:50:58+00:00,"Why AMD Is a Much Stronger Investment than Intel (INTC) In This Article:I used to be bullish on semiconductor designer and manufacturer Intel (INTC), but following the boards decision to remove the CEO, Im left uncertain about the companys future. Instead In This Article:
I used to be bullish on semiconductor designer and manufacturer Intel (INTC), but following the board’s decision to remove the CEO, I’m left uncertain about the company’s future. Instead, semiconductor designer AMD (AMD) is firing on all cyli…"
2024-12-13 21:38:38+00:00,"Apple shares hit new all-time closing high In Nasdaq trading today, shares of Apple Inc. (AAPL) rose $0.17, or 0.07%, to $248.13, a new all-time closing high. Apple’s intraday high was set on December 11, 2024 at $250.80.
Apples 52-week low  In Nasdaq trading today, shares of Apple Inc. rose to hit a new all-time closing high. Apple’s all-time intraday high was set…
The post Apple shares hit new all-time closing high appeared first on MacDailyNews."
2024-12-14 07:33:06+00:00,"What is Zacks Research’s Forecast for Intel FY2025 Earnings? Intel Co. (NASDAQ:INTC – Free Report) – Zacks Research reduced their FY2025 EPS estimates for shares of Intel in a research note issued on Monday, December 9th. Zacks Research analyst R. Department n Intel Co. (NASDAQ:INTC – Free Report) – Zacks Research reduced their FY2025 EPS estimates for shares of Intel in a research note issued on Monday, December 9th. Zacks Research analyst R. Department now expects that the chip maker will earn $0.22 per share for…"
2024-12-14 08:34:43+00:00,"Rep. Mike Kelly Sells Intel Co. (NASDAQ:INTC) Stock Representative Mike Kelly (R-Pennsylvania) recently sold shares of Intel Co. (NASDAQ:INTC). In a filing disclosed on December 12th, the Representative disclosed that they had sold between $1,001 and  Representative Mike Kelly (R-Pennsylvania) recently sold shares of Intel Co. (NASDAQ:INTC). In a filing disclosed on December 12th, the Representative disclosed that they had sold between $1,001 and $15,000 in Intel stock on November 8th. The trade occurred i…"
2024-12-14 10:00:00+00:00,"OpenAI launches canvas, Cohere's compact model, and more fundraising: This week's AI launches Ayar Labs, a startup that developed the first in-package optical I/O solution to replace electrical I/O in AI training and inferencing chips, announced a $155 million Series D funding round this week Each week, Quartz rounds up product launches, updates, and funding news from artificial intelligence-focused startups and companies.Read more..."
2024-12-14 22:38:01+00:00,Get Paid to Wait with Intel Stock (INTC) Put Options  
2024-12-15 01:31:59+00:00,"Get Paid to Wait with Intel Stock (INTC) Put Options In This Article:As investors surely already know, bellwether Intel Corp (INTC) has become the black sheep of the semiconductor family. Late to the game in shifting from CPUs to GPUs, Intel has lost i In This Article:
As investors surely already know, bellwether Intel Corp (INTC) has become the black sheep of the semiconductor family. Late to the game in shifting from CPUs to GPUs, Intel has lost industry leadership to Nvidia (NVDA) and long-term competito…"
2024-12-15 20:10:24+00:00,Intel (INTC) Faces Critical Juncture: 18A Chip Technology Could Determine Future of Manufacturing Operations  
2024-12-16 04:53:53+00:00,"Opened an attachment from a fake invoice email, password manager accessed Within about 5-10 minutes of opening the attachment, I shut the laptop down. (It was not connected to the internet tonight while the FRST scan was running). Malwarebytes would not start a scan, neith Opened an attachment from a fake invoice email, password manager accessed - posted in Virus, Trojan, Spyware, and Malware Removal Help: Within about 5-10 minutes of opening the attachment, I shut the laptop down. (It was not connected to the internet tonight …"
2024-12-16 04:56:26+00:00,"Opened an attachment from a fake invoice email, password manager accessed Within about 5-10 minutes of opening the attachment, I shut the laptop down. (It was not connected to the internet tonight while the FRST scan was running). Malwarebytes would not start a scan, neith Opened an attachment from a fake invoice email, password manager accessed - posted in Virus, Trojan, Spyware, and Malware Removal Help: Within about 5-10 minutes of opening the attachment, I shut the laptop down. (It was not connected to the internet tonight …"
2024-12-16 11:00:00+00:00,"Why Intel's Foundry May Be Set For A Comeback LONDON, UNITED KINGDOM - NOVEMBER 14: The Intel logo is seen outside a pop-up store on Oxford Street ... [+] on November 14, 2024 in London, United Kingdom. (Photo by Leon Neal/Getty Images)
Getty I Intel’s next-gen 18A fabrication process technology is almost ready to roll out, and the company also appears to be a key beneficiary of regulatory support under the T..."
2024-12-16 13:45:00+00:00,"Some Of This Year’s Big Losers Look Good To Me Intel CEO Pat Gelsinger resigned under pressure in December. He is shown here speaking in June. ... [+] (Photo by I-HWA CHENG/AFP via Getty Images)
AFP via Getty Images
As each year draws to a clos Most years, I find one or two stocks among the biggest losers that I think are worth buying. This year there are three — Intel, Moderna and Walgreens Boots Alliance."
2024-12-16 21:12:29+00:00,"Apple shares hit new all-time intraday and closing highs In Nasdaq trading today, shares of Apple Inc. (AAPL) rose $2.91, or 1.17%, to $251.04, a new all-time closing high. Apple’s intraday high was also set today at $251.38.
Apples 52-week low stands at  In Nasdaq trading today, shares of Apple Inc. rose to hit a new all-time closing high. Apple’s all-time intraday high was also set today…
The post Apple shares hit new all-time intraday and closing highs appeared first on MacDailyNews."
2024-12-17 21:17:09+00:00,"Apple shares hit new all-time intraday and closing highs In Nasdaq trading today, shares of Apple Inc. (AAPL) rose $2.44, or 0.97%, to $253.48, a new all-time closing high. Apple’s intraday high was also set today at $253.81.
Apples 52-week low stands at  In Nasdaq trading today, shares of Apple Inc. rose to hit a new all-time closing high. Apple’s all-time intraday high was also set today…
The post Apple shares hit new all-time intraday and closing highs appeared first on MacDailyNews."
2024-12-18 14:15:00+00:00,"Quantum Computing Market Infused with Artificial Intelligence Poised for Significant Usage & Growth PALM BEACH, Fla., Dec. 18, 2024 (GLOBE NEWSWIRE) -- FN Media Group News Commentary - Quantum computing is a revolutionary technology in computer science that utilizes the principles of quantum mechan PALM BEACH, Fla., Dec. 18, 2024 (GLOBE NEWSWIRE) -- FN Media Group News Commentary - Quantum computing is a revolutionary technology in computer science that utilizes the principles of quantum mechanics to process information. Unlike classical computers that …"
2024-12-18 19:39:59+00:00,"On-silicon real-time AI compute governance from Nvidia, Intel, EQTY Labs <ul> Introducing the AI Integrity Suite — a first-of-its-kind toolset for creating verifiable provenance and governance for AI data, models, and agents."
2024-12-18 19:39:59+00:00,"On-silicon real-time AI compute governance from Nvidia, Intel, EQTY Labs <ul><li>Breakthrough provides the first-ever certificates of authenticity and compliance for independent verification of AI training, inference, and benchmarks at runtime.
</li></ul><ul><li>The solu Introducing the AI Integrity Suite — a first-of-its-kind toolset for creating verifiable provenance and governance for AI data, models, and agents."
2024-12-19 21:57:23+00:00,"Can Intel's foundry business help it catch up to TSMC in 2025? Intel (INTC) stock has had a difficult 2024, with shares falling roughly 60% year-to-date. As investors turn to 2025, Yahoo Finance Senior Reporter Yasmin Khorram and Reporter Laura Bratton sit down  Intel (INTC) stock has had a difficult 2024, with shares falling roughly 60% year-to-date. As investors turn to 2025, Yahoo Finance Senior Reporter Yasmin..."
2024-12-20 13:00:18+00:00,"How innovation died at Intel: America's only leading-edge chip manufacturer faces an uncertain future and lawsuits Intel's (INTC) fall from grace seemed to happen all at once. Shares of the once iconic chipmaker plummeted 60% in 2024. The company posted the biggest loss in its 56-year history in its latest quarte Amid struggles to turn itself around, exclusive interviews with Intel executives and industry analysts reveal missed opportunities, poor decision making, and..."
2024-12-20 13:32:26+00:00,"How innovation died at Intel as it faces an uncertain future as America's only leading-edge chip manufacturer Intel's (INTC) fall from grace seemed to happen all at once.Shares of the once iconic chipmaker plummeted 60% in 2024. The company posted the biggest loss in its 56-year history in its latest quarter Intel's (INTC) fall from grace seemed to happen all at once.
Shares of the once iconic chipmaker plummeted 60% in 2024. The company posted the biggest loss in its 56-year history in its latest quarterly earnings report. Its market cap has dropped 80% since 20…"
2024-12-20 20:02:00+00:00,"CEOs left their companies in droves this year, setting a new record In This Story
We may be witnessing peak CEO exodus, according to a new report, which found that more chief executive officers have left their roles in 2024 than in any other year over the past few d We may be witnessing peak CEO exodus, according to a new report, which found that more chief executive officers have left their roles in 2024 than in any other year over the past few decades.Read more..."
2024-12-20 21:19:43+00:00,"Apple shares hit new all-time intraday and closing highs In Nasdaq trading today, shares of Apple Inc. (AAPL) rose $4.70, or 1.87%, to $254.46, a new all-time closing high. Apple’s intraday high was also set today at $255.00.
Apples 52-week low stands at  In Nasdaq trading today, shares of Apple Inc. rose to hit a new all-time closing high. Apple’s all-time intraday high was set…
The post Apple shares hit new all-time intraday and closing highs appeared first on MacDailyNews."
2024-12-21 01:17:54+00:00,"How innovation died at Intel: America's only leading-edge chip manufacturer faces an uncertain future Skip to comments.
How innovation died at Intel: America's only leading-edge chip manufacturer faces an uncertain futureYahoo Finance ^
 | 20 Dec, 2024
 | Laura Bratton and Yasmin Khorram
Posted o Intel's (INTC) fall from grace seemed to happen all at once. Shares of the once iconic chipmaker plummeted 60% in 2024. The company posted the biggest loss in its 56-year history in its latest quarterly earnings report. Its market cap has dropped 80% since 20…"
2024-12-21 14:27:31+00:00,"Intel Corporation (INTC) Shortlists Buyout Firms for Altera Unit, Valued Up to $12 Billion  "
2024-12-22 09:02:53+00:00,"M&T Bank Corp Has $28.70 Million Holdings in Intel Co. (NASDAQ:INTC) M&amp;T Bank Corp trimmed its position in shares of Intel Co. (NASDAQ:INTC – Free Report) by 10.0% during the 3rd quarter, according to its most recent Form 13F filing with the Securities and Exchang M&T Bank Corp trimmed its position in shares of Intel Co. (NASDAQ:INTC – Free Report) by 10.0% during the 3rd quarter, according to its most recent Form 13F filing with the Securities and Exchange Commission. The fund owned 1,223,125 shares of the chip maker’…"
2024-12-24 11:00:47+00:00,"Nvidia dominated 2024 big-time. Next year? Plenty of challenges. Nvidia (NVDA) has had the kind of year most companies can only dream of.
Its revenue and stock price soared thanks to prescient investments in artificial intelligence technologies that are paying of Nvidia dominated 2024, and 2025 is looking just as good. But there's turbulence on the horizon."
2024-12-25 12:20:15+00:00,Jim Cramer Says Intel Corporation (INTC)’s Balance Sheet Is ‘Something That Looks Like A Nightmare’  
2024-12-26 21:44:55+00:00,"Apple shares hit new all-time intraday and closing highs In Nasdaq trading today, shares of Apple Inc. (AAPL) rose $0.82, or 0.32%, to $259.02, a new all-time closing high. Apple’s intraday high was also set today at $260.09.
Apples 52-week low stands at  In Nasdaq trading today, shares of Apple Inc. rose to hit a new all-time closing high. Apple’s all-time intraday high was set…
The post Apple shares hit new all-time intraday and closing highs appeared first on MacDailyNews."
2024-12-27 09:32:00+00:00,"2024 in Review 2024 was an unbelievable year for the S&amp;P 500 up 28% YTD. The index constituents’ average and median returns are 15.7% and 11.8%, respectively. Altogether, this years index returns dwarf the long 2024 was an unbelievable year for the S&P 500 up 28% YTD. The index constituents’ average and median returns are 15.7% and 11.8%, respectively. Altogether, this year’s index returns dwarf the long-term average S&P 500 return of 7.9% since 1928. […]
The post 2…"
2024-12-27 10:30:40+00:00,"Intel Stock Downside Of $10? Microchip and Intel logo displayed on a phone screen are seen in this multiple exposure illustration ... [+] photo taken in Krakow, Poland on April 10, 2023. (Photo by Jakub Porzycki/NurPhoto via Get The surge in demand for GPU chips for AI applications - an area where Intel has a relatively limited presence - has also hurt."
2024-12-27 10:30:57+00:00,"Intel (NASDAQ:INTC) Shares Up 1% – What’s Next? Intel Co. (NASDAQ:INTC – Get Free Report)’s stock price rose 1% during trading on Wednesday . The stock traded as high as $20.40 and last traded at $20.40. Approximately 29,884,023 shares were traded Intel Co. (NASDAQ:INTC – Get Free Report)’s stock price rose 1% during trading on Wednesday . The stock traded as high as $20.40 and last traded at $20.40. Approximately 29,884,023 shares were traded during mid-day trading, a decline of 52% from the average d…"
2024-12-27 15:35:00+00:00,"Escalating US-China Trade War to Hurt These Tech Stocks in 2025 The ongoing US-China trade war has intensified, with technology being a primary battleground. What began as a tussle over trade imbalances has evolved into a strategic clash over technological suprem The escalating US-China tech war presents a formidable challenge for U.S. semiconductor companies like NVIDIA, Micron, Intel and Qualcomm."
2024-12-28 11:01:58+00:00,"Intel (NASDAQ:INTC) Shares Up 1% – Here’s Why Intel Co. (NASDAQ:INTC – Get Free Report) shot up 1% on Thursday . The company traded as high as $20.65 and last traded at $20.60. 11,289,452 shares changed hands during trading, a decline of 82% fro Intel Co. (NASDAQ:INTC – Get Free Report) shot up 1% on Thursday . The company traded as high as $20.65 and last traded at $20.60. 11,289,452 shares changed hands during trading, a decline of 82% from the average session volume of 61,630,883 shares. The stock…"
2024-12-29 10:00:00+00:00,"Investing.com's stocks of the year Investing.com -- 2024 has been a year of significant market shifts, with some companies soaring to new heights while others faced significant headwinds. Investing.com has compiled a list of some of t Investing.com's stocks of the year"
2024-12-29 19:10:04+00:00,"Jim Cramer on Intel Corporation (INTC): ‘Better Than Ever. Don’t Worry About It’ We recently published an article titled Jim Cramer's Bold Predictions About These 15 AI Stocks. In this article, we are going to take a look at where Intel Corporation (NASDAQ:INTC) stands against th We recently published an article titled Jim Cramer’s Bold Predictions About These 15 AI Stocks. In this article, we are going to take a look at where Intel..."
2024-12-30 13:04:53+00:00,"Short Interest in Intel Co. (NASDAQ:INTC) Decreases By 7.3% Intel Co. (NASDAQ:INTC – Get Free Report) saw a significant decrease in short interest during the month of December. As of December 15th, there was short interest totalling 105,180,000 shares, a decr Intel Co. (NASDAQ:INTC – Get Free Report) saw a significant decrease in short interest during the month of December. As of December 15th, there was short interest totalling 105,180,000 shares, a decrease of 7.3% from the November 30th total of 113,440,000 sha…"
2024-12-30 14:07:44+00:00,"Vulnerability Summary for the Week of December 23, 2024 The CISA Vulnerability Bulletin provides a summary of new vulnerabilities that have been recorded in the past week. In some cases, the vulnerabilities in the bulletin may not yet have assigned CVSS s High Vulnerabilities

<table>

<tr>
<th>PrimaryVendor -- Product</th>
<th>Description</th>
<th>Published</th>
<th>CVSS Score</th>
<th>Source Info</th>
</tr>



<tr>
<td>1000 Projects--Attendance Tracking Management System </td>
<td>A vulnerability was found…"
2024-12-30 16:40:01+00:00,"Intel's Stock Falls 3% On Weak Performance and Product Delays Shares of Intel Corporation (INTC, Financial) dropped 3% on Monday as investors are growing concerns over its long-term strategy, and leadership is primarily responsible for this. The company was rec Intel's Struggles Persist: Stock Declines on Weak Performance and Product Delays"
2024-12-31 15:43:47+00:00,"Stock Market Today: Dow Jones Bounces Modestly; Tesla Gains As Some Of Year's Top Winners Fall (Live Coverage) The Dow Jones Industrial Average rose 0.4% in early trades Tuesday, and other indexes also rose as investors sought to end the year on a high note.The S&amp;P 500 and the Nasdaq are trying to break a The Nasdaq is headed for a 30% gain for the year."
2024-12-31 17:28:42+00:00,"Is Intel stock done going down? In This Article:Intel's stock (INTC) will enter 2025 in the penalty box, with an uncertain timeline for when it may return to the rink.Shares of Intel have plunged 60% year to date, badly lagging the In This Article:
Intel's stock (INTC) will enter 2025 in the penalty box, with an uncertain timeline for when it may return to the rink.
Shares of Intel have plunged 60% year to date, badly lagging the 29% advance for the Nasdaq Composite (^IXIC). Meanwhile, …"
2024-12-31 17:39:52+00:00,"Is Intel stock done going down? Intel's stock (INTC) will enter 2025 in the penalty box, with an uncertain timeline for when it may return to the rink.Shares of Intel have plunged 60% year to date, badly lagging the 29% advance for Intel's stock (INTC) will enter 2025 in the penalty box, with an uncertain timeline for when it may return to the rink.
Shares of Intel have plunged 60% year to date, badly lagging the 29% advance for the Nasdaq Composite (^IXIC). Meanwhile, shares of rival c…"
2024-12-31 18:01:54+00:00,"Tuesday links: social media shenanigans MarketsThe U.S. stock market is set for its best two-year performance since 1997-98. (wsj.com)After a good start, energy sector performance has faded. (axios.com)Intel ($INTC) had its worst year as a Markets
The U.S. stock market is set for its best two-year performance since 1997-98. (wsj.com)
After a good start, energy sector performance has faded. (axios.com)
Intel ($INTC) had its worst year as a public company. (cnbc.com)
Gold had its best year since …"
2024-12-31 21:21:21+00:00,"These Are The 5 Best Dow Jones Stocks Of 2024 Nvidia (NVDA), Walmart (WMT) and Amazon.com (AMZN) count among the five best Dow Jones stocks of 2024. Goldman Sachs (GS) and American Express (AXP) also make the cut.
XNOW PLAYINGStocks End Strong  Led by Nvidia, the best Dow Jones stocks have far outpaced index's 13% gain."
2025-01-01 08:04:55+00:00,"Brokerages Set Intel Co. (NASDAQ:INTC) Price Target at $30.04 Shares of Intel Co. (NASDAQ:INTC – Get Free Report) have been given a consensus recommendation of “Reduce” by the thirty-one research firms that are currently covering the stock, MarketBeat reports.  Shares of Intel Co. (NASDAQ:INTC – Get Free Report) have been given a consensus recommendation of “Reduce” by the thirty-one research firms that are currently covering the stock, MarketBeat reports. Five investment analysts have rated the stock with a sell ra…"
2025-01-01 12:47:03+00:00,"Intel (NASDAQ:INTC) Stock Price Down 2.3% – Here’s What Happened Intel Co. (NASDAQ:INTC – Get Free Report)’s stock price fell 2.3% during trading on Monday . The stock traded as low as $19.73 and last traded at $19.83. 14,969,290 shares were traded during trading, Intel Co. (NASDAQ:INTC – Get Free Report)’s stock price fell 2.3% during trading on Monday . The stock traded as low as $19.73 and last traded at $19.83. 14,969,290 shares were traded during trading, a decline of 76% from the average session volume of 61,502,…"
2025-01-01 13:15:52+00:00,"The 5 best performing stocks on the Dow Jones Industrial Average in 2024 That didn't take long. Nvidia joined the Dow Jones Industrial Average on Nov. 8, replacing Intel (INTC) , but the AI chip superpower quickly made its mark.Related: Nvidia stock faces new threat after That didn't take long. 
Nvidia joined the Dow Jones Industrial Average on Nov. 8, replacing Intel (INTC) , but the AI chip superpower quickly made its mark.
Related: Nvidia stock faces new threat after China update
Nvidia (NVDA) was the Dow's top performer fo…"
2025-01-02 09:30:00+00:00,"China's No 2 chip foundry Hua Hong names former Intel veteran as new president China's Hua Hong Semiconductor (688347.SS), the country's second-largest chip foundry, has hired a former Intel (INTC) veteran as its new president amid a management reshuffle.
The Shanghai-based ch China's Hua Hong Semiconductor, the country's second-largest chip foundry, has hired a former Intel veteran as its new president amid a management reshuffle...."
2025-01-02 12:22:54+00:00,"Intel (NASDAQ:INTC) Stock Price Up 1.7% – Here’s Why Intel Co. (NASDAQ:INTC – Get Free Report)’s stock price was up 1.7% during mid-day trading on Tuesday . The stock traded as high as $20.40 and last traded at $20.15. Approximately 15,667,047 shares w Intel Co. (NASDAQ:INTC – Get Free Report)’s stock price was up 1.7% during mid-day trading on Tuesday . The stock traded as high as $20.40 and last traded at $20.15. Approximately 15,667,047 shares were traded during trading, a decline of 75% from the average…"
2025-01-03 10:00:00+00:00,"Chipmakers are rushing to get Chips Act money before Biden's out. Here's who's finalized so far As the Biden administration prepares to pass power to President-elect Donald Trump, U.S. chipmakers are rushing to finalize federal funding.
In 2022, President Joe Biden signed the bipartisan CHIPS  As the Biden administration prepares to pass power to President-elect Donald Trump, U.S. chipmakers are rushing to finalize federal funding.Read more..."
2025-01-03 10:56:45+00:00,"Intel (NASDAQ:INTC) Stock Price Up 1.2% – Here’s What Happened Intel Co. (NASDAQ:INTC – Get Free Report)’s share price traded up 1.2% during mid-day trading on Wednesday . The stock traded as high as $20.40 and last traded at $20.05. 49,642,742 shares traded han Intel Co. (NASDAQ:INTC – Get Free Report)’s share price traded up 1.2% during mid-day trading on Wednesday . The stock traded as high as $20.40 and last traded at $20.05. 49,642,742 shares traded hands during mid-day trading, a decline of 19% from the average…"
2025-01-03 16:52:22+00:00,"Nvidia Hits Buy Point Amid CES Chip Buzz; Is Nvidia A Buy Now? Nvidia (NVDA) rose above the 50-day moving average Friday and hit an early buy point at 141.90. Does that mean Nvidia stock  is a buy now?
The 50 day moving average on a stock chart is a key level t Nvidia stock soared past the 50-day moving average on Friday and hit a buy point ahead of the CES event on Monday when it will reveal its latest chips."
2025-01-03 20:38:26+00:00,"Nvidia Competitors: Who Are the AI Chip Alternatives? Nvidia (NVDA) was one of the best-performing stocks in the S&amp;P 500 in 2024, having nearly tripled in value. It has become one of the best-known AI stocks in recent years, because its high-perform Nvidia dominates the market for the computer chips that power AI, but it isn’t a monopoly. Here’s a look at publicly-traded Nvidia competitors."
2025-01-04 08:51:04+00:00,"Intel Co. (NASDAQ:INTC) Shares Sold by Everence Capital Management Inc. Everence Capital Management Inc. cut its holdings in Intel Co. (NASDAQ:INTC – Free Report) by 26.1% during the 4th quarter, according to its most recent Form 13F filing with the Securities and Exchan Everence Capital Management Inc. cut its holdings in Intel Co. (NASDAQ:INTC – Free Report) by 26.1% during the 4th quarter, according to its most recent Form 13F filing with the Securities and Exchange Commission (SEC). The fund owned 81,708 shares of the chi…"
2025-01-05 12:32:47+00:00,"Intel (NASDAQ:INTC) Stock Price Up 0.4% – Here’s Why Intel Co. (NASDAQ:INTC – Get Free Report)’s stock price traded up 0.4% during mid-day trading on Friday . The company traded as high as $20.55 and last traded at $20.30. 14,168,730 shares were traded Intel Co. (NASDAQ:INTC – Get Free Report)’s stock price traded up 0.4% during mid-day trading on Friday . The company traded as high as $20.55 and last traded at $20.30. 14,168,730 shares were traded during trading, a decline of 51% from the average session v…"
2025-01-05 18:45:32+00:00,"INTC, AMD, or QCOM: Which Chip Stock Could Deliver the Highest Upside Potential? Chipmakers are gaining a lot of attention amid the ongoing artificial intelligence (AI) wave. While Nvidia (NVDA) quickly captured the robust demand for advanced chips required in building AI models, Chipmakers are gaining a lot of attention amid the ongoing artificial intelligence (AI) wave. While Nvidia (NVDA) quickly captured the robust demand for advanced chips required in building AI models, other semiconductor companies are either gradually catching…"
2025-01-06 13:18:00+00:00,"Nvidia and TSMC rise as Foxconn's record quarter boosts chip stocks In This Story
Semiconductor chip stocks rose on Monday after electronics giant Foxconn (HNHPF+1.24%
) reported record-breaking revenue for its fourth quarter, as the artificial intelligence boom co Semiconductor chip stocks rose on Monday after electronics giant Foxconn (HNHPF) reported record-breaking revenue for its fourth quarter, as the artificial intelligence boom continues into 2025.Read more..."
2025-01-06 16:00:59+00:00,"Qualcomm reveals Snapdragon X chip for AI PCs, new desktop system at CES 2025 Qualcomm (QCOM) is diving further into the PC industry, debuting its new Snapdragon X chip for mid-range laptops and desktops. The chip, which the company says will be available in PCs beginning this Qualcomm launches Snapdragon X chip for laptops and desktops in challenge to Intel at CES 2025."
2025-01-06 17:44:57+00:00,"Neville Rodie & Shaw Inc. Buys 13,095 Shares of Intel Co. (NASDAQ:INTC) Neville Rodie &amp; Shaw Inc. raised its holdings in Intel Co. (NASDAQ:INTC – Free Report) by 23.9% in the fourth quarter, HoldingsChannel.com reports. The firm owned 67,910 shares of the chip maker’ Neville Rodie & Shaw Inc. raised its holdings in Intel Co. (NASDAQ:INTC – Free Report) by 23.9% in the fourth quarter, HoldingsChannel.com reports. The firm owned 67,910 shares of the chip maker’s stock after purchasing an additional 13,095 shares during the …"
2025-01-06 17:53:07+00:00,"Intel fills out Core Ultra 200 laptop CPUs with hodgepodge of CPUs, GPUs, and NPUs - Ars Technica The Fine Print: The following comments are owned by whoever posted them. We are not responsible for them in any way. Intel fills out Core Ultra 200 laptop CPUs with hodgepodge of CPUs, GPUs, and NPUsArs Technica Intel Extends Leadership in AI PCs and Edge Computing at CES 2025Investor Relations :: Intel Corporation (INTC) Intel’s new Core Ultra 200HX series CPUs are ready f…"
2025-01-06 18:00:00+00:00,"The Dow jumps 300 points as Nvidia and other AI stocks surge Photo: Spencer Platt (Getty Images)
The Dow regained momentum by mid-morning on Monday as AI stocks surged. Electronic giant Foxconn (HNHPF) reported record-breaking revenue for its fourth quarter,  The Dow regained momentum by mid-morning on Monday as AI stocks surged. Electronic giant Foxconn (HNHPF) reported record-breaking revenue for its fourth..."
2025-01-06 18:00:22+00:00,"The Dow regains its groove, rising 300 points on AI stock surge In This Story
The Dow regained momentum by mid-morning on Monday as AI stocks surged. Electronic giant Foxconn (HNHPF+3.09%
) reported record-breaking revenue for its fourth quarter, and the artifi The Dow regained momentum by mid-morning on Monday as AI stocks surged. Electronic giant Foxconn (HNHPF) reported record-breaking revenue for its fourth quarter, and the artificial intelligence boom continues into 2025.Read more..."
2025-01-07 08:45:04+00:00,"Intel Co. (NASDAQ:INTC) Shares Sold by GAMMA Investing LLC GAMMA Investing LLC trimmed its holdings in Intel Co. (NASDAQ:INTC – Free Report) by 26.6% in the fourth quarter, according to its most recent disclosure with the Securities &amp; Exchange Commission GAMMA Investing LLC trimmed its holdings in Intel Co. (NASDAQ:INTC – Free Report) by 26.6% in the fourth quarter, according to its most recent disclosure with the Securities & Exchange Commission. The institutional investor owned 15,461 shares of the chip mak…"
2025-01-07 09:35:05+00:00,"Canandaigua National Bank & Trust Co. Sells 31,927 Shares of Intel Co. (NASDAQ:INTC) Canandaigua National Bank &amp; Trust Co. lowered its stake in shares of Intel Co. (NASDAQ:INTC – Free Report) by 43.0% in the 4th quarter, according to its most recent Form 13F filing with the Secur Canandaigua National Bank & Trust Co. lowered its stake in shares of Intel Co. (NASDAQ:INTC – Free Report) by 43.0% in the 4th quarter, according to its most recent Form 13F filing with the Securities and Exchange Commission. The institutional investor owned …"
